descriptor,bins,parameters,measure,map1,map5
hsv,16-16-8,"{""hue_smoothing"": false, ""hue_valid_weight"": false, ""s_min"": 20, ""v_min"": 20}",euclidean,0.3,0.4161111111111111
hsv,16-16-8,"{""hue_smoothing"": false, ""hue_valid_weight"": false, ""s_min"": 20, ""v_min"": 20}",l1,0.4666666666666667,0.5972222222222221
hsv,16-16-8,"{""hue_smoothing"": false, ""hue_valid_weight"": false, ""s_min"": 20, ""v_min"": 20}",chi2,0.5,0.6055555555555555
hsv,16-16-8,"{""hue_smoothing"": false, ""hue_valid_weight"": false, ""s_min"": 20, ""v_min"": 20}",intersection,0.4666666666666667,0.5972222222222221
hsv,16-16-8,"{""hue_smoothing"": false, ""hue_valid_weight"": false, ""s_min"": 20, ""v_min"": 20}",hellinger,0.5,0.6027777777777779
hsv,16-16-8,"{""hue_smoothing"": false, ""hue_valid_weight"": false, ""s_min"": 20, ""v_min"": 20}",wasserstein,0.5,0.5783333333333334
hsv,16-16-8,"{""hue_smoothing"": true, ""hue_valid_weight"": false, ""s_min"": 20, ""v_min"": 20}",euclidean,0.3333333333333333,0.4094444444444445
hsv,16-16-8,"{""hue_smoothing"": true, ""hue_valid_weight"": false, ""s_min"": 20, ""v_min"": 20}",l1,0.4666666666666667,0.5966666666666666
hsv,16-16-8,"{""hue_smoothing"": true, ""hue_valid_weight"": false, ""s_min"": 20, ""v_min"": 20}",chi2,0.4666666666666667,0.5816666666666667
hsv,16-16-8,"{""hue_smoothing"": true, ""hue_valid_weight"": false, ""s_min"": 20, ""v_min"": 20}",intersection,0.4666666666666667,0.5966666666666666
hsv,16-16-8,"{""hue_smoothing"": true, ""hue_valid_weight"": false, ""s_min"": 20, ""v_min"": 20}",hellinger,0.4,0.551111111111111
hsv,16-16-8,"{""hue_smoothing"": true, ""hue_valid_weight"": false, ""s_min"": 20, ""v_min"": 20}",wasserstein,0.5,0.5594444444444444
hsv,16-16-8,"{""hue_smoothing"": false, ""hue_valid_weight"": true, ""s_min"": 20, ""v_min"": 20}",euclidean,0.3333333333333333,0.4305555555555555
hsv,16-16-8,"{""hue_smoothing"": false, ""hue_valid_weight"": true, ""s_min"": 20, ""v_min"": 20}",l1,0.5,0.6083333333333333
hsv,16-16-8,"{""hue_smoothing"": false, ""hue_valid_weight"": true, ""s_min"": 20, ""v_min"": 20}",chi2,0.5,0.5972222222222221
hsv,16-16-8,"{""hue_smoothing"": false, ""hue_valid_weight"": true, ""s_min"": 20, ""v_min"": 20}",intersection,0.4666666666666667,0.5788888888888889
hsv,16-16-8,"{""hue_smoothing"": false, ""hue_valid_weight"": true, ""s_min"": 20, ""v_min"": 20}",hellinger,0.36666666666666664,0.4955555555555556
hsv,16-16-8,"{""hue_smoothing"": false, ""hue_valid_weight"": true, ""s_min"": 20, ""v_min"": 20}",wasserstein,0.5,0.5783333333333334
hsv,16-16-8,"{""hue_smoothing"": true, ""hue_valid_weight"": true, ""s_min"": 20, ""v_min"": 20}",euclidean,0.3333333333333333,0.41111111111111115
hsv,16-16-8,"{""hue_smoothing"": true, ""hue_valid_weight"": true, ""s_min"": 20, ""v_min"": 20}",l1,0.43333333333333335,0.5855555555555555
hsv,16-16-8,"{""hue_smoothing"": true, ""hue_valid_weight"": true, ""s_min"": 20, ""v_min"": 20}",chi2,0.43333333333333335,0.5705555555555556
hsv,16-16-8,"{""hue_smoothing"": true, ""hue_valid_weight"": true, ""s_min"": 20, ""v_min"": 20}",intersection,0.4666666666666667,0.5777777777777778
hsv,16-16-8,"{""hue_smoothing"": true, ""hue_valid_weight"": true, ""s_min"": 20, ""v_min"": 20}",hellinger,0.36666666666666664,0.4872222222222222
hsv,16-16-8,"{""hue_smoothing"": true, ""hue_valid_weight"": true, ""s_min"": 20, ""v_min"": 20}",wasserstein,0.5,0.5594444444444444
hsv,16-16-8,"{""hue_smoothing"": false, ""hue_valid_weight"": false, ""s_min"": 20, ""v_min"": 40}",euclidean,0.3333333333333333,0.44111111111111106
hsv,16-16-8,"{""hue_smoothing"": false, ""hue_valid_weight"": false, ""s_min"": 20, ""v_min"": 40}",l1,0.5,0.6261111111111111
hsv,16-16-8,"{""hue_smoothing"": false, ""hue_valid_weight"": false, ""s_min"": 20, ""v_min"": 40}",chi2,0.5,0.6083333333333333
hsv,16-16-8,"{""hue_smoothing"": false, ""hue_valid_weight"": false, ""s_min"": 20, ""v_min"": 40}",intersection,0.5,0.6261111111111111
hsv,16-16-8,"{""hue_smoothing"": false, ""hue_valid_weight"": false, ""s_min"": 20, ""v_min"": 40}",hellinger,0.5,0.6
hsv,16-16-8,"{""hue_smoothing"": false, ""hue_valid_weight"": false, ""s_min"": 20, ""v_min"": 40}",wasserstein,0.4666666666666667,0.5299999999999999
hsv,16-16-8,"{""hue_smoothing"": true, ""hue_valid_weight"": false, ""s_min"": 20, ""v_min"": 40}",euclidean,0.3,0.4105555555555556
hsv,16-16-8,"{""hue_smoothing"": true, ""hue_valid_weight"": false, ""s_min"": 20, ""v_min"": 40}",l1,0.43333333333333335,0.575
hsv,16-16-8,"{""hue_smoothing"": true, ""hue_valid_weight"": false, ""s_min"": 20, ""v_min"": 40}",chi2,0.4666666666666667,0.5777777777777778
hsv,16-16-8,"{""hue_smoothing"": true, ""hue_valid_weight"": false, ""s_min"": 20, ""v_min"": 40}",intersection,0.43333333333333335,0.575
hsv,16-16-8,"{""hue_smoothing"": true, ""hue_valid_weight"": false, ""s_min"": 20, ""v_min"": 40}",hellinger,0.4,0.5527777777777778
hsv,16-16-8,"{""hue_smoothing"": true, ""hue_valid_weight"": false, ""s_min"": 20, ""v_min"": 40}",wasserstein,0.4666666666666667,0.5611111111111112
hsv,16-16-8,"{""hue_smoothing"": false, ""hue_valid_weight"": true, ""s_min"": 20, ""v_min"": 40}",euclidean,0.36666666666666664,0.45388888888888884
hsv,16-16-8,"{""hue_smoothing"": false, ""hue_valid_weight"": true, ""s_min"": 20, ""v_min"": 40}",l1,0.5666666666666667,0.6472222222222221
hsv,16-16-8,"{""hue_smoothing"": false, ""hue_valid_weight"": true, ""s_min"": 20, ""v_min"": 40}",chi2,0.5,0.6
hsv,16-16-8,"{""hue_smoothing"": false, ""hue_valid_weight"": true, ""s_min"": 20, ""v_min"": 40}",intersection,0.4666666666666667,0.5777777777777778
hsv,16-16-8,"{""hue_smoothing"": false, ""hue_valid_weight"": true, ""s_min"": 20, ""v_min"": 40}",hellinger,0.36666666666666664,0.47333333333333333
hsv,16-16-8,"{""hue_smoothing"": false, ""hue_valid_weight"": true, ""s_min"": 20, ""v_min"": 40}",wasserstein,0.4666666666666667,0.5299999999999999
hsv,16-16-8,"{""hue_smoothing"": true, ""hue_valid_weight"": true, ""s_min"": 20, ""v_min"": 40}",euclidean,0.36666666666666664,0.428888888888889
hsv,16-16-8,"{""hue_smoothing"": true, ""hue_valid_weight"": true, ""s_min"": 20, ""v_min"": 40}",l1,0.43333333333333335,0.5772222222222222
hsv,16-16-8,"{""hue_smoothing"": true, ""hue_valid_weight"": true, ""s_min"": 20, ""v_min"": 40}",chi2,0.4,0.5444444444444445
hsv,16-16-8,"{""hue_smoothing"": true, ""hue_valid_weight"": true, ""s_min"": 20, ""v_min"": 40}",intersection,0.43333333333333335,0.5577777777777778
hsv,16-16-8,"{""hue_smoothing"": true, ""hue_valid_weight"": true, ""s_min"": 20, ""v_min"": 40}",hellinger,0.36666666666666664,0.44833333333333336
hsv,16-16-8,"{""hue_smoothing"": true, ""hue_valid_weight"": true, ""s_min"": 20, ""v_min"": 40}",wasserstein,0.4666666666666667,0.5611111111111112
hsv,16-16-8,"{""hue_smoothing"": false, ""hue_valid_weight"": false, ""s_min"": 20, ""v_min"": 60}",euclidean,0.3333333333333333,0.40111111111111103
hsv,16-16-8,"{""hue_smoothing"": false, ""hue_valid_weight"": false, ""s_min"": 20, ""v_min"": 60}",l1,0.5,0.6122222222222221
hsv,16-16-8,"{""hue_smoothing"": false, ""hue_valid_weight"": false, ""s_min"": 20, ""v_min"": 60}",chi2,0.4666666666666667,0.5666666666666667
hsv,16-16-8,"{""hue_smoothing"": false, ""hue_valid_weight"": false, ""s_min"": 20, ""v_min"": 60}",intersection,0.5,0.6122222222222221
hsv,16-16-8,"{""hue_smoothing"": false, ""hue_valid_weight"": false, ""s_min"": 20, ""v_min"": 60}",hellinger,0.4666666666666667,0.5733333333333334
hsv,16-16-8,"{""hue_smoothing"": false, ""hue_valid_weight"": false, ""s_min"": 20, ""v_min"": 60}",wasserstein,0.5,0.5399999999999999
hsv,16-16-8,"{""hue_smoothing"": true, ""hue_valid_weight"": false, ""s_min"": 20, ""v_min"": 60}",euclidean,0.36666666666666664,0.4261111111111111
hsv,16-16-8,"{""hue_smoothing"": true, ""hue_valid_weight"": false, ""s_min"": 20, ""v_min"": 60}",l1,0.43333333333333335,0.5427777777777778
hsv,16-16-8,"{""hue_smoothing"": true, ""hue_valid_weight"": false, ""s_min"": 20, ""v_min"": 60}",chi2,0.43333333333333335,0.5438888888888889
hsv,16-16-8,"{""hue_smoothing"": true, ""hue_valid_weight"": false, ""s_min"": 20, ""v_min"": 60}",intersection,0.43333333333333335,0.5427777777777778
hsv,16-16-8,"{""hue_smoothing"": true, ""hue_valid_weight"": false, ""s_min"": 20, ""v_min"": 60}",hellinger,0.4,0.5372222222222223
hsv,16-16-8,"{""hue_smoothing"": true, ""hue_valid_weight"": false, ""s_min"": 20, ""v_min"": 60}",wasserstein,0.4666666666666667,0.5472222222222223
hsv,16-16-8,"{""hue_smoothing"": false, ""hue_valid_weight"": true, ""s_min"": 20, ""v_min"": 60}",euclidean,0.3,0.425
hsv,16-16-8,"{""hue_smoothing"": false, ""hue_valid_weight"": true, ""s_min"": 20, ""v_min"": 60}",l1,0.4666666666666667,0.586111111111111
hsv,16-16-8,"{""hue_smoothing"": false, ""hue_valid_weight"": true, ""s_min"": 20, ""v_min"": 60}",chi2,0.4666666666666667,0.5777777777777777
hsv,16-16-8,"{""hue_smoothing"": false, ""hue_valid_weight"": true, ""s_min"": 20, ""v_min"": 60}",intersection,0.5,0.5955555555555556
hsv,16-16-8,"{""hue_smoothing"": false, ""hue_valid_weight"": true, ""s_min"": 20, ""v_min"": 60}",hellinger,0.36666666666666664,0.4438888888888889
hsv,16-16-8,"{""hue_smoothing"": false, ""hue_valid_weight"": true, ""s_min"": 20, ""v_min"": 60}",wasserstein,0.5,0.5399999999999999
hsv,16-16-8,"{""hue_smoothing"": true, ""hue_valid_weight"": true, ""s_min"": 20, ""v_min"": 60}",euclidean,0.3333333333333333,0.39555555555555555
hsv,16-16-8,"{""hue_smoothing"": true, ""hue_valid_weight"": true, ""s_min"": 20, ""v_min"": 60}",l1,0.43333333333333335,0.5622222222222223
hsv,16-16-8,"{""hue_smoothing"": true, ""hue_valid_weight"": true, ""s_min"": 20, ""v_min"": 60}",chi2,0.4,0.5299999999999999
hsv,16-16-8,"{""hue_smoothing"": true, ""hue_valid_weight"": true, ""s_min"": 20, ""v_min"": 60}",intersection,0.4,0.551111111111111
hsv,16-16-8,"{""hue_smoothing"": true, ""hue_valid_weight"": true, ""s_min"": 20, ""v_min"": 60}",hellinger,0.3333333333333333,0.4105555555555556
hsv,16-16-8,"{""hue_smoothing"": true, ""hue_valid_weight"": true, ""s_min"": 20, ""v_min"": 60}",wasserstein,0.4666666666666667,0.5472222222222223
hsv,16-16-8,"{""hue_smoothing"": false, ""hue_valid_weight"": false, ""s_min"": 40, ""v_min"": 20}",euclidean,0.36666666666666664,0.4305555555555555
hsv,16-16-8,"{""hue_smoothing"": false, ""hue_valid_weight"": false, ""s_min"": 40, ""v_min"": 20}",l1,0.4666666666666667,0.5583333333333333
hsv,16-16-8,"{""hue_smoothing"": false, ""hue_valid_weight"": false, ""s_min"": 40, ""v_min"": 20}",chi2,0.5,0.5927777777777778
hsv,16-16-8,"{""hue_smoothing"": false, ""hue_valid_weight"": false, ""s_min"": 40, ""v_min"": 20}",intersection,0.4666666666666667,0.5583333333333333
hsv,16-16-8,"{""hue_smoothing"": false, ""hue_valid_weight"": false, ""s_min"": 40, ""v_min"": 20}",hellinger,0.5,0.5927777777777778
hsv,16-16-8,"{""hue_smoothing"": false, ""hue_valid_weight"": false, ""s_min"": 40, ""v_min"": 20}",wasserstein,0.43333333333333335,0.505
hsv,16-16-8,"{""hue_smoothing"": true, ""hue_valid_weight"": false, ""s_min"": 40, ""v_min"": 20}",euclidean,0.3333333333333333,0.4094444444444445
hsv,16-16-8,"{""hue_smoothing"": true, ""hue_valid_weight"": false, ""s_min"": 40, ""v_min"": 20}",l1,0.4666666666666667,0.5777777777777777
hsv,16-16-8,"{""hue_smoothing"": true, ""hue_valid_weight"": false, ""s_min"": 40, ""v_min"": 20}",chi2,0.36666666666666664,0.5399999999999999
hsv,16-16-8,"{""hue_smoothing"": true, ""hue_valid_weight"": false, ""s_min"": 40, ""v_min"": 20}",intersection,0.4666666666666667,0.5777777777777777
hsv,16-16-8,"{""hue_smoothing"": true, ""hue_valid_weight"": false, ""s_min"": 40, ""v_min"": 20}",hellinger,0.4,0.5416666666666666
hsv,16-16-8,"{""hue_smoothing"": true, ""hue_valid_weight"": false, ""s_min"": 40, ""v_min"": 20}",wasserstein,0.36666666666666664,0.4799999999999999
hsv,16-16-8,"{""hue_smoothing"": false, ""hue_valid_weight"": true, ""s_min"": 40, ""v_min"": 20}",euclidean,0.36666666666666664,0.44277777777777777
hsv,16-16-8,"{""hue_smoothing"": false, ""hue_valid_weight"": true, ""s_min"": 40, ""v_min"": 20}",l1,0.4666666666666667,0.5650000000000001
hsv,16-16-8,"{""hue_smoothing"": false, ""hue_valid_weight"": true, ""s_min"": 40, ""v_min"": 20}",chi2,0.43333333333333335,0.5638888888888888
hsv,16-16-8,"{""hue_smoothing"": false, ""hue_valid_weight"": true, ""s_min"": 40, ""v_min"": 20}",intersection,0.43333333333333335,0.5455555555555556
hsv,16-16-8,"{""hue_smoothing"": false, ""hue_valid_weight"": true, ""s_min"": 40, ""v_min"": 20}",hellinger,0.3333333333333333,0.4277777777777778
hsv,16-16-8,"{""hue_smoothing"": false, ""hue_valid_weight"": true, ""s_min"": 40, ""v_min"": 20}",wasserstein,0.43333333333333335,0.505
hsv,16-16-8,"{""hue_smoothing"": true, ""hue_valid_weight"": true, ""s_min"": 40, ""v_min"": 20}",euclidean,0.3,0.3805555555555556
hsv,16-16-8,"{""hue_smoothing"": true, ""hue_valid_weight"": true, ""s_min"": 40, ""v_min"": 20}",l1,0.43333333333333335,0.5455555555555556
hsv,16-16-8,"{""hue_smoothing"": true, ""hue_valid_weight"": true, ""s_min"": 40, ""v_min"": 20}",chi2,0.36666666666666664,0.525
hsv,16-16-8,"{""hue_smoothing"": true, ""hue_valid_weight"": true, ""s_min"": 40, ""v_min"": 20}",intersection,0.4,0.5222222222222223
hsv,16-16-8,"{""hue_smoothing"": true, ""hue_valid_weight"": true, ""s_min"": 40, ""v_min"": 20}",hellinger,0.3333333333333333,0.425
hsv,16-16-8,"{""hue_smoothing"": true, ""hue_valid_weight"": true, ""s_min"": 40, ""v_min"": 20}",wasserstein,0.36666666666666664,0.4799999999999999
hsv,16-16-8,"{""hue_smoothing"": false, ""hue_valid_weight"": false, ""s_min"": 40, ""v_min"": 40}",euclidean,0.4,0.45944444444444443
hsv,16-16-8,"{""hue_smoothing"": false, ""hue_valid_weight"": false, ""s_min"": 40, ""v_min"": 40}",l1,0.5,0.6038888888888889
hsv,16-16-8,"{""hue_smoothing"": false, ""hue_valid_weight"": false, ""s_min"": 40, ""v_min"": 40}",chi2,0.5,0.5927777777777777
hsv,16-16-8,"{""hue_smoothing"": false, ""hue_valid_weight"": false, ""s_min"": 40, ""v_min"": 40}",intersection,0.5,0.6038888888888889
hsv,16-16-8,"{""hue_smoothing"": false, ""hue_valid_weight"": false, ""s_min"": 40, ""v_min"": 40}",hellinger,0.5,0.601111111111111
hsv,16-16-8,"{""hue_smoothing"": false, ""hue_valid_weight"": false, ""s_min"": 40, ""v_min"": 40}",wasserstein,0.43333333333333335,0.515
hsv,16-16-8,"{""hue_smoothing"": true, ""hue_valid_weight"": false, ""s_min"": 40, ""v_min"": 40}",euclidean,0.3333333333333333,0.4038888888888889
hsv,16-16-8,"{""hue_smoothing"": true, ""hue_valid_weight"": false, ""s_min"": 40, ""v_min"": 40}",l1,0.43333333333333335,0.5583333333333333
hsv,16-16-8,"{""hue_smoothing"": true, ""hue_valid_weight"": false, ""s_min"": 40, ""v_min"": 40}",chi2,0.36666666666666664,0.5372222222222223
hsv,16-16-8,"{""hue_smoothing"": true, ""hue_valid_weight"": false, ""s_min"": 40, ""v_min"": 40}",intersection,0.43333333333333335,0.5583333333333333
hsv,16-16-8,"{""hue_smoothing"": true, ""hue_valid_weight"": false, ""s_min"": 40, ""v_min"": 40}",hellinger,0.4,0.551111111111111
hsv,16-16-8,"{""hue_smoothing"": true, ""hue_valid_weight"": false, ""s_min"": 40, ""v_min"": 40}",wasserstein,0.36666666666666664,0.49166666666666664
hsv,16-16-8,"{""hue_smoothing"": false, ""hue_valid_weight"": true, ""s_min"": 40, ""v_min"": 40}",euclidean,0.3333333333333333,0.4222222222222222
hsv,16-16-8,"{""hue_smoothing"": false, ""hue_valid_weight"": true, ""s_min"": 40, ""v_min"": 40}",l1,0.4666666666666667,0.5772222222222223
hsv,16-16-8,"{""hue_smoothing"": false, ""hue_valid_weight"": true, ""s_min"": 40, ""v_min"": 40}",chi2,0.4666666666666667,0.5861111111111111
hsv,16-16-8,"{""hue_smoothing"": false, ""hue_valid_weight"": true, ""s_min"": 40, ""v_min"": 40}",intersection,0.36666666666666664,0.5177777777777778
hsv,16-16-8,"{""hue_smoothing"": false, ""hue_valid_weight"": true, ""s_min"": 40, ""v_min"": 40}",hellinger,0.26666666666666666,0.38833333333333336
hsv,16-16-8,"{""hue_smoothing"": false, ""hue_valid_weight"": true, ""s_min"": 40, ""v_min"": 40}",wasserstein,0.43333333333333335,0.515
hsv,16-16-8,"{""hue_smoothing"": true, ""hue_valid_weight"": true, ""s_min"": 40, ""v_min"": 40}",euclidean,0.3333333333333333,0.39722222222222225
hsv,16-16-8,"{""hue_smoothing"": true, ""hue_valid_weight"": true, ""s_min"": 40, ""v_min"": 40}",l1,0.4666666666666667,0.5677777777777777
hsv,16-16-8,"{""hue_smoothing"": true, ""hue_valid_weight"": true, ""s_min"": 40, ""v_min"": 40}",chi2,0.36666666666666664,0.5277777777777778
hsv,16-16-8,"{""hue_smoothing"": true, ""hue_valid_weight"": true, ""s_min"": 40, ""v_min"": 40}",intersection,0.36666666666666664,0.5166666666666667
hsv,16-16-8,"{""hue_smoothing"": true, ""hue_valid_weight"": true, ""s_min"": 40, ""v_min"": 40}",hellinger,0.26666666666666666,0.35944444444444446
hsv,16-16-8,"{""hue_smoothing"": true, ""hue_valid_weight"": true, ""s_min"": 40, ""v_min"": 40}",wasserstein,0.36666666666666664,0.49166666666666664
hsv,16-16-8,"{""hue_smoothing"": false, ""hue_valid_weight"": false, ""s_min"": 40, ""v_min"": 60}",euclidean,0.36666666666666664,0.41944444444444445
hsv,16-16-8,"{""hue_smoothing"": false, ""hue_valid_weight"": false, ""s_min"": 40, ""v_min"": 60}",l1,0.4666666666666667,0.586111111111111
hsv,16-16-8,"{""hue_smoothing"": false, ""hue_valid_weight"": false, ""s_min"": 40, ""v_min"": 60}",chi2,0.5,0.575
hsv,16-16-8,"{""hue_smoothing"": false, ""hue_valid_weight"": false, ""s_min"": 40, ""v_min"": 60}",intersection,0.4666666666666667,0.586111111111111
hsv,16-16-8,"{""hue_smoothing"": false, ""hue_valid_weight"": false, ""s_min"": 40, ""v_min"": 60}",hellinger,0.4666666666666667,0.5666666666666667
hsv,16-16-8,"{""hue_smoothing"": false, ""hue_valid_weight"": false, ""s_min"": 40, ""v_min"": 60}",wasserstein,0.43333333333333335,0.5055555555555555
hsv,16-16-8,"{""hue_smoothing"": true, ""hue_valid_weight"": false, ""s_min"": 40, ""v_min"": 60}",euclidean,0.3333333333333333,0.3888888888888889
hsv,16-16-8,"{""hue_smoothing"": true, ""hue_valid_weight"": false, ""s_min"": 40, ""v_min"": 60}",l1,0.4,0.5166666666666667
hsv,16-16-8,"{""hue_smoothing"": true, ""hue_valid_weight"": false, ""s_min"": 40, ""v_min"": 60}",chi2,0.36666666666666664,0.4972222222222223
hsv,16-16-8,"{""hue_smoothing"": true, ""hue_valid_weight"": false, ""s_min"": 40, ""v_min"": 60}",intersection,0.4,0.5166666666666667
hsv,16-16-8,"{""hue_smoothing"": true, ""hue_valid_weight"": false, ""s_min"": 40, ""v_min"": 60}",hellinger,0.36666666666666664,0.5066666666666666
hsv,16-16-8,"{""hue_smoothing"": true, ""hue_valid_weight"": false, ""s_min"": 40, ""v_min"": 60}",wasserstein,0.36666666666666664,0.46888888888888886
hsv,16-16-8,"{""hue_smoothing"": false, ""hue_valid_weight"": true, ""s_min"": 40, ""v_min"": 60}",euclidean,0.3333333333333333,0.41944444444444445
hsv,16-16-8,"{""hue_smoothing"": false, ""hue_valid_weight"": true, ""s_min"": 40, ""v_min"": 60}",l1,0.4666666666666667,0.5611111111111111
hsv,16-16-8,"{""hue_smoothing"": false, ""hue_valid_weight"": true, ""s_min"": 40, ""v_min"": 60}",chi2,0.4666666666666667,0.5788888888888889
hsv,16-16-8,"{""hue_smoothing"": false, ""hue_valid_weight"": true, ""s_min"": 40, ""v_min"": 60}",intersection,0.43333333333333335,0.5583333333333333
hsv,16-16-8,"{""hue_smoothing"": false, ""hue_valid_weight"": true, ""s_min"": 40, ""v_min"": 60}",hellinger,0.3333333333333333,0.4122222222222222
hsv,16-16-8,"{""hue_smoothing"": false, ""hue_valid_weight"": true, ""s_min"": 40, ""v_min"": 60}",wasserstein,0.43333333333333335,0.5055555555555555
hsv,16-16-8,"{""hue_smoothing"": true, ""hue_valid_weight"": true, ""s_min"": 40, ""v_min"": 60}",euclidean,0.3,0.3805555555555556
hsv,16-16-8,"{""hue_smoothing"": true, ""hue_valid_weight"": true, ""s_min"": 40, ""v_min"": 60}",l1,0.4666666666666667,0.5688888888888889
hsv,16-16-8,"{""hue_smoothing"": true, ""hue_valid_weight"": true, ""s_min"": 40, ""v_min"": 60}",chi2,0.36666666666666664,0.515
hsv,16-16-8,"{""hue_smoothing"": true, ""hue_valid_weight"": true, ""s_min"": 40, ""v_min"": 60}",intersection,0.36666666666666664,0.5194444444444444
hsv,16-16-8,"{""hue_smoothing"": true, ""hue_valid_weight"": true, ""s_min"": 40, ""v_min"": 60}",hellinger,0.2,0.3288888888888889
hsv,16-16-8,"{""hue_smoothing"": true, ""hue_valid_weight"": true, ""s_min"": 40, ""v_min"": 60}",wasserstein,0.36666666666666664,0.46888888888888886
hsv,16-16-8,"{""hue_smoothing"": false, ""hue_valid_weight"": false, ""s_min"": 60, ""v_min"": 20}",euclidean,0.23333333333333334,0.33611111111111114
hsv,16-16-8,"{""hue_smoothing"": false, ""hue_valid_weight"": false, ""s_min"": 60, ""v_min"": 20}",l1,0.4666666666666667,0.5461111111111111
hsv,16-16-8,"{""hue_smoothing"": false, ""hue_valid_weight"": false, ""s_min"": 60, ""v_min"": 20}",chi2,0.5,0.5955555555555556
hsv,16-16-8,"{""hue_smoothing"": false, ""hue_valid_weight"": false, ""s_min"": 60, ""v_min"": 20}",intersection,0.4666666666666667,0.5461111111111111
hsv,16-16-8,"{""hue_smoothing"": false, ""hue_valid_weight"": false, ""s_min"": 60, ""v_min"": 20}",hellinger,0.5,0.601111111111111
hsv,16-16-8,"{""hue_smoothing"": false, ""hue_valid_weight"": false, ""s_min"": 60, ""v_min"": 20}",wasserstein,0.43333333333333335,0.5266666666666667
hsv,16-16-8,"{""hue_smoothing"": true, ""hue_valid_weight"": false, ""s_min"": 60, ""v_min"": 20}",euclidean,0.3,0.3705555555555556
hsv,16-16-8,"{""hue_smoothing"": true, ""hue_valid_weight"": false, ""s_min"": 60, ""v_min"": 20}",l1,0.4666666666666667,0.5622222222222223
hsv,16-16-8,"{""hue_smoothing"": true, ""hue_valid_weight"": false, ""s_min"": 60, ""v_min"": 20}",chi2,0.43333333333333335,0.5677777777777777
hsv,16-16-8,"{""hue_smoothing"": true, ""hue_valid_weight"": false, ""s_min"": 60, ""v_min"": 20}",intersection,0.4666666666666667,0.5622222222222223
hsv,16-16-8,"{""hue_smoothing"": true, ""hue_valid_weight"": false, ""s_min"": 60, ""v_min"": 20}",hellinger,0.43333333333333335,0.5805555555555555
hsv,16-16-8,"{""hue_smoothing"": true, ""hue_valid_weight"": false, ""s_min"": 60, ""v_min"": 20}",wasserstein,0.4,0.5066666666666666
hsv,16-16-8,"{""hue_smoothing"": false, ""hue_valid_weight"": true, ""s_min"": 60, ""v_min"": 20}",euclidean,0.3,0.3844444444444444
hsv,16-16-8,"{""hue_smoothing"": false, ""hue_valid_weight"": true, ""s_min"": 60, ""v_min"": 20}",l1,0.43333333333333335,0.5566666666666668
hsv,16-16-8,"{""hue_smoothing"": false, ""hue_valid_weight"": true, ""s_min"": 60, ""v_min"": 20}",chi2,0.43333333333333335,0.5466666666666666
hsv,16-16-8,"{""hue_smoothing"": false, ""hue_valid_weight"": true, ""s_min"": 60, ""v_min"": 20}",intersection,0.43333333333333335,0.5288888888888889
hsv,16-16-8,"{""hue_smoothing"": false, ""hue_valid_weight"": true, ""s_min"": 60, ""v_min"": 20}",hellinger,0.3333333333333333,0.4033333333333333
hsv,16-16-8,"{""hue_smoothing"": false, ""hue_valid_weight"": true, ""s_min"": 60, ""v_min"": 20}",wasserstein,0.43333333333333335,0.5266666666666667
hsv,16-16-8,"{""hue_smoothing"": true, ""hue_valid_weight"": true, ""s_min"": 60, ""v_min"": 20}",euclidean,0.3,0.36777777777777776
hsv,16-16-8,"{""hue_smoothing"": true, ""hue_valid_weight"": true, ""s_min"": 60, ""v_min"": 20}",l1,0.4666666666666667,0.59
hsv,16-16-8,"{""hue_smoothing"": true, ""hue_valid_weight"": true, ""s_min"": 60, ""v_min"": 20}",chi2,0.43333333333333335,0.5472222222222223
hsv,16-16-8,"{""hue_smoothing"": true, ""hue_valid_weight"": true, ""s_min"": 60, ""v_min"": 20}",intersection,0.4,0.5038888888888889
hsv,16-16-8,"{""hue_smoothing"": true, ""hue_valid_weight"": true, ""s_min"": 60, ""v_min"": 20}",hellinger,0.3,0.3577777777777778
hsv,16-16-8,"{""hue_smoothing"": true, ""hue_valid_weight"": true, ""s_min"": 60, ""v_min"": 20}",wasserstein,0.4,0.5066666666666666
hsv,16-16-8,"{""hue_smoothing"": false, ""hue_valid_weight"": false, ""s_min"": 60, ""v_min"": 40}",euclidean,0.3,0.3883333333333334
hsv,16-16-8,"{""hue_smoothing"": false, ""hue_valid_weight"": false, ""s_min"": 60, ""v_min"": 40}",l1,0.5,0.6005555555555555
hsv,16-16-8,"{""hue_smoothing"": false, ""hue_valid_weight"": false, ""s_min"": 60, ""v_min"": 40}",chi2,0.5,0.6188888888888889
hsv,16-16-8,"{""hue_smoothing"": false, ""hue_valid_weight"": false, ""s_min"": 60, ""v_min"": 40}",intersection,0.5,0.6005555555555555
hsv,16-16-8,"{""hue_smoothing"": false, ""hue_valid_weight"": false, ""s_min"": 60, ""v_min"": 40}",hellinger,0.5,0.6233333333333333
hsv,16-16-8,"{""hue_smoothing"": false, ""hue_valid_weight"": false, ""s_min"": 60, ""v_min"": 40}",wasserstein,0.4666666666666667,0.545
hsv,16-16-8,"{""hue_smoothing"": true, ""hue_valid_weight"": false, ""s_min"": 60, ""v_min"": 40}",euclidean,0.3333333333333333,0.39722222222222225
hsv,16-16-8,"{""hue_smoothing"": true, ""hue_valid_weight"": false, ""s_min"": 60, ""v_min"": 40}",l1,0.4666666666666667,0.5811111111111111
hsv,16-16-8,"{""hue_smoothing"": true, ""hue_valid_weight"": false, ""s_min"": 60, ""v_min"": 40}",chi2,0.43333333333333335,0.5788888888888889
hsv,16-16-8,"{""hue_smoothing"": true, ""hue_valid_weight"": false, ""s_min"": 60, ""v_min"": 40}",intersection,0.4666666666666667,0.5811111111111111
hsv,16-16-8,"{""hue_smoothing"": true, ""hue_valid_weight"": false, ""s_min"": 60, ""v_min"": 40}",hellinger,0.43333333333333335,0.5805555555555555
hsv,16-16-8,"{""hue_smoothing"": true, ""hue_valid_weight"": false, ""s_min"": 60, ""v_min"": 40}",wasserstein,0.4,0.5399999999999999
hsv,16-16-8,"{""hue_smoothing"": false, ""hue_valid_weight"": true, ""s_min"": 60, ""v_min"": 40}",euclidean,0.3333333333333333,0.4011111111111111
hsv,16-16-8,"{""hue_smoothing"": false, ""hue_valid_weight"": true, ""s_min"": 60, ""v_min"": 40}",l1,0.43333333333333335,0.5788888888888889
hsv,16-16-8,"{""hue_smoothing"": false, ""hue_valid_weight"": true, ""s_min"": 60, ""v_min"": 40}",chi2,0.43333333333333335,0.5605555555555556
hsv,16-16-8,"{""hue_smoothing"": false, ""hue_valid_weight"": true, ""s_min"": 60, ""v_min"": 40}",intersection,0.4666666666666667,0.5733333333333334
hsv,16-16-8,"{""hue_smoothing"": false, ""hue_valid_weight"": true, ""s_min"": 60, ""v_min"": 40}",hellinger,0.3,0.39666666666666667
hsv,16-16-8,"{""hue_smoothing"": false, ""hue_valid_weight"": true, ""s_min"": 60, ""v_min"": 40}",wasserstein,0.4666666666666667,0.545
hsv,16-16-8,"{""hue_smoothing"": true, ""hue_valid_weight"": true, ""s_min"": 60, ""v_min"": 40}",euclidean,0.3,0.36944444444444446
hsv,16-16-8,"{""hue_smoothing"": true, ""hue_valid_weight"": true, ""s_min"": 60, ""v_min"": 40}",l1,0.4666666666666667,0.5983333333333333
hsv,16-16-8,"{""hue_smoothing"": true, ""hue_valid_weight"": true, ""s_min"": 60, ""v_min"": 40}",chi2,0.43333333333333335,0.5527777777777778
hsv,16-16-8,"{""hue_smoothing"": true, ""hue_valid_weight"": true, ""s_min"": 60, ""v_min"": 40}",intersection,0.43333333333333335,0.5444444444444444
hsv,16-16-8,"{""hue_smoothing"": true, ""hue_valid_weight"": true, ""s_min"": 60, ""v_min"": 40}",hellinger,0.3,0.365
hsv,16-16-8,"{""hue_smoothing"": true, ""hue_valid_weight"": true, ""s_min"": 60, ""v_min"": 40}",wasserstein,0.4,0.5399999999999999
hsv,16-16-8,"{""hue_smoothing"": false, ""hue_valid_weight"": false, ""s_min"": 60, ""v_min"": 60}",euclidean,0.26666666666666666,0.34555555555555556
hsv,16-16-8,"{""hue_smoothing"": false, ""hue_valid_weight"": false, ""s_min"": 60, ""v_min"": 60}",l1,0.5,0.5872222222222222
hsv,16-16-8,"{""hue_smoothing"": false, ""hue_valid_weight"": false, ""s_min"": 60, ""v_min"": 60}",chi2,0.5,0.5983333333333333
hsv,16-16-8,"{""hue_smoothing"": false, ""hue_valid_weight"": false, ""s_min"": 60, ""v_min"": 60}",intersection,0.5,0.5872222222222222
hsv,16-16-8,"{""hue_smoothing"": false, ""hue_valid_weight"": false, ""s_min"": 60, ""v_min"": 60}",hellinger,0.43333333333333335,0.5611111111111112
hsv,16-16-8,"{""hue_smoothing"": false, ""hue_valid_weight"": false, ""s_min"": 60, ""v_min"": 60}",wasserstein,0.4666666666666667,0.5538888888888889
hsv,16-16-8,"{""hue_smoothing"": true, ""hue_valid_weight"": false, ""s_min"": 60, ""v_min"": 60}",euclidean,0.3333333333333333,0.38611111111111107
hsv,16-16-8,"{""hue_smoothing"": true, ""hue_valid_weight"": false, ""s_min"": 60, ""v_min"": 60}",l1,0.4,0.5316666666666667
hsv,16-16-8,"{""hue_smoothing"": true, ""hue_valid_weight"": false, ""s_min"": 60, ""v_min"": 60}",chi2,0.4,0.5333333333333333
hsv,16-16-8,"{""hue_smoothing"": true, ""hue_valid_weight"": false, ""s_min"": 60, ""v_min"": 60}",intersection,0.4,0.5316666666666667
hsv,16-16-8,"{""hue_smoothing"": true, ""hue_valid_weight"": false, ""s_min"": 60, ""v_min"": 60}",hellinger,0.4,0.5511111111111112
hsv,16-16-8,"{""hue_smoothing"": true, ""hue_valid_weight"": false, ""s_min"": 60, ""v_min"": 60}",wasserstein,0.43333333333333335,0.5483333333333333
hsv,16-16-8,"{""hue_smoothing"": false, ""hue_valid_weight"": true, ""s_min"": 60, ""v_min"": 60}",euclidean,0.3333333333333333,0.4122222222222222
hsv,16-16-8,"{""hue_smoothing"": false, ""hue_valid_weight"": true, ""s_min"": 60, ""v_min"": 60}",l1,0.43333333333333335,0.565
hsv,16-16-8,"{""hue_smoothing"": false, ""hue_valid_weight"": true, ""s_min"": 60, ""v_min"": 60}",chi2,0.4666666666666667,0.58
hsv,16-16-8,"{""hue_smoothing"": false, ""hue_valid_weight"": true, ""s_min"": 60, ""v_min"": 60}",intersection,0.43333333333333335,0.5527777777777777
hsv,16-16-8,"{""hue_smoothing"": false, ""hue_valid_weight"": true, ""s_min"": 60, ""v_min"": 60}",hellinger,0.3,0.38999999999999996
hsv,16-16-8,"{""hue_smoothing"": false, ""hue_valid_weight"": true, ""s_min"": 60, ""v_min"": 60}",wasserstein,0.4666666666666667,0.5538888888888889
hsv,16-16-8,"{""hue_smoothing"": true, ""hue_valid_weight"": true, ""s_min"": 60, ""v_min"": 60}",euclidean,0.3,0.36666666666666664
hsv,16-16-8,"{""hue_smoothing"": true, ""hue_valid_weight"": true, ""s_min"": 60, ""v_min"": 60}",l1,0.43333333333333335,0.5705555555555556
hsv,16-16-8,"{""hue_smoothing"": true, ""hue_valid_weight"": true, ""s_min"": 60, ""v_min"": 60}",chi2,0.36666666666666664,0.49277777777777776
hsv,16-16-8,"{""hue_smoothing"": true, ""hue_valid_weight"": true, ""s_min"": 60, ""v_min"": 60}",intersection,0.4,0.5333333333333333
hsv,16-16-8,"{""hue_smoothing"": true, ""hue_valid_weight"": true, ""s_min"": 60, ""v_min"": 60}",hellinger,0.23333333333333334,0.3205555555555556
hsv,16-16-8,"{""hue_smoothing"": true, ""hue_valid_weight"": true, ""s_min"": 60, ""v_min"": 60}",wasserstein,0.43333333333333335,0.5483333333333333
hsv,32-16-8,"{""hue_smoothing"": false, ""hue_valid_weight"": false, ""s_min"": 20, ""v_min"": 20}",euclidean,0.4,0.4594444444444445
hsv,32-16-8,"{""hue_smoothing"": false, ""hue_valid_weight"": false, ""s_min"": 20, ""v_min"": 20}",l1,0.4666666666666667,0.5455555555555556
hsv,32-16-8,"{""hue_smoothing"": false, ""hue_valid_weight"": false, ""s_min"": 20, ""v_min"": 20}",chi2,0.5333333333333333,0.5816666666666667
hsv,32-16-8,"{""hue_smoothing"": false, ""hue_valid_weight"": false, ""s_min"": 20, ""v_min"": 20}",intersection,0.4666666666666667,0.5455555555555556
hsv,32-16-8,"{""hue_smoothing"": false, ""hue_valid_weight"": false, ""s_min"": 20, ""v_min"": 20}",hellinger,0.5,0.5716666666666667
hsv,32-16-8,"{""hue_smoothing"": false, ""hue_valid_weight"": false, ""s_min"": 20, ""v_min"": 20}",wasserstein,0.43333333333333335,0.5338888888888889
hsv,32-16-8,"{""hue_smoothing"": true, ""hue_valid_weight"": false, ""s_min"": 20, ""v_min"": 20}",euclidean,0.3333333333333333,0.4272222222222223
hsv,32-16-8,"{""hue_smoothing"": true, ""hue_valid_weight"": false, ""s_min"": 20, ""v_min"": 20}",l1,0.5,0.601111111111111
hsv,32-16-8,"{""hue_smoothing"": true, ""hue_valid_weight"": false, ""s_min"": 20, ""v_min"": 20}",chi2,0.5333333333333333,0.6138888888888889
hsv,32-16-8,"{""hue_smoothing"": true, ""hue_valid_weight"": false, ""s_min"": 20, ""v_min"": 20}",intersection,0.5,0.601111111111111
hsv,32-16-8,"{""hue_smoothing"": true, ""hue_valid_weight"": false, ""s_min"": 20, ""v_min"": 20}",hellinger,0.43333333333333335,0.565
hsv,32-16-8,"{""hue_smoothing"": true, ""hue_valid_weight"": false, ""s_min"": 20, ""v_min"": 20}",wasserstein,0.43333333333333335,0.5605555555555557
hsv,32-16-8,"{""hue_smoothing"": false, ""hue_valid_weight"": true, ""s_min"": 20, ""v_min"": 20}",euclidean,0.3333333333333333,0.4233333333333333
hsv,32-16-8,"{""hue_smoothing"": false, ""hue_valid_weight"": true, ""s_min"": 20, ""v_min"": 20}",l1,0.43333333333333335,0.5411111111111111
hsv,32-16-8,"{""hue_smoothing"": false, ""hue_valid_weight"": true, ""s_min"": 20, ""v_min"": 20}",chi2,0.5,0.565
hsv,32-16-8,"{""hue_smoothing"": false, ""hue_valid_weight"": true, ""s_min"": 20, ""v_min"": 20}",intersection,0.4666666666666667,0.5650000000000001
hsv,32-16-8,"{""hue_smoothing"": false, ""hue_valid_weight"": true, ""s_min"": 20, ""v_min"": 20}",hellinger,0.4,0.49277777777777776
hsv,32-16-8,"{""hue_smoothing"": false, ""hue_valid_weight"": true, ""s_min"": 20, ""v_min"": 20}",wasserstein,0.43333333333333335,0.5338888888888889
hsv,32-16-8,"{""hue_smoothing"": true, ""hue_valid_weight"": true, ""s_min"": 20, ""v_min"": 20}",euclidean,0.3,0.39555555555555555
hsv,32-16-8,"{""hue_smoothing"": true, ""hue_valid_weight"": true, ""s_min"": 20, ""v_min"": 20}",l1,0.4666666666666667,0.5844444444444444
hsv,32-16-8,"{""hue_smoothing"": true, ""hue_valid_weight"": true, ""s_min"": 20, ""v_min"": 20}",chi2,0.5,0.5972222222222222
hsv,32-16-8,"{""hue_smoothing"": true, ""hue_valid_weight"": true, ""s_min"": 20, ""v_min"": 20}",intersection,0.4666666666666667,0.59
hsv,32-16-8,"{""hue_smoothing"": true, ""hue_valid_weight"": true, ""s_min"": 20, ""v_min"": 20}",hellinger,0.4,0.505
hsv,32-16-8,"{""hue_smoothing"": true, ""hue_valid_weight"": true, ""s_min"": 20, ""v_min"": 20}",wasserstein,0.43333333333333335,0.5605555555555557
hsv,32-16-8,"{""hue_smoothing"": false, ""hue_valid_weight"": false, ""s_min"": 20, ""v_min"": 40}",euclidean,0.3333333333333333,0.4344444444444445
hsv,32-16-8,"{""hue_smoothing"": false, ""hue_valid_weight"": false, ""s_min"": 20, ""v_min"": 40}",l1,0.4666666666666667,0.5344444444444444
hsv,32-16-8,"{""hue_smoothing"": false, ""hue_valid_weight"": false, ""s_min"": 20, ""v_min"": 40}",chi2,0.5333333333333333,0.5827777777777777
hsv,32-16-8,"{""hue_smoothing"": false, ""hue_valid_weight"": false, ""s_min"": 20, ""v_min"": 40}",intersection,0.4666666666666667,0.5344444444444444
hsv,32-16-8,"{""hue_smoothing"": false, ""hue_valid_weight"": false, ""s_min"": 20, ""v_min"": 40}",hellinger,0.5333333333333333,0.5816666666666667
hsv,32-16-8,"{""hue_smoothing"": false, ""hue_valid_weight"": false, ""s_min"": 20, ""v_min"": 40}",wasserstein,0.4,0.5172222222222221
hsv,32-16-8,"{""hue_smoothing"": true, ""hue_valid_weight"": false, ""s_min"": 20, ""v_min"": 40}",euclidean,0.36666666666666664,0.4455555555555556
hsv,32-16-8,"{""hue_smoothing"": true, ""hue_valid_weight"": false, ""s_min"": 20, ""v_min"": 40}",l1,0.5,0.5888888888888889
hsv,32-16-8,"{""hue_smoothing"": true, ""hue_valid_weight"": false, ""s_min"": 20, ""v_min"": 40}",chi2,0.5,0.6
hsv,32-16-8,"{""hue_smoothing"": true, ""hue_valid_weight"": false, ""s_min"": 20, ""v_min"": 40}",intersection,0.5,0.5888888888888889
hsv,32-16-8,"{""hue_smoothing"": true, ""hue_valid_weight"": false, ""s_min"": 20, ""v_min"": 40}",hellinger,0.5,0.6038888888888888
hsv,32-16-8,"{""hue_smoothing"": true, ""hue_valid_weight"": false, ""s_min"": 20, ""v_min"": 40}",wasserstein,0.4,0.5288888888888889
hsv,32-16-8,"{""hue_smoothing"": false, ""hue_valid_weight"": true, ""s_min"": 20, ""v_min"": 40}",euclidean,0.36666666666666664,0.44
hsv,32-16-8,"{""hue_smoothing"": false, ""hue_valid_weight"": true, ""s_min"": 20, ""v_min"": 40}",l1,0.4666666666666667,0.5455555555555556
hsv,32-16-8,"{""hue_smoothing"": false, ""hue_valid_weight"": true, ""s_min"": 20, ""v_min"": 40}",chi2,0.5333333333333333,0.5816666666666667
hsv,32-16-8,"{""hue_smoothing"": false, ""hue_valid_weight"": true, ""s_min"": 20, ""v_min"": 40}",intersection,0.5,0.5666666666666667
hsv,32-16-8,"{""hue_smoothing"": false, ""hue_valid_weight"": true, ""s_min"": 20, ""v_min"": 40}",hellinger,0.4,0.49944444444444447
hsv,32-16-8,"{""hue_smoothing"": false, ""hue_valid_weight"": true, ""s_min"": 20, ""v_min"": 40}",wasserstein,0.4,0.5172222222222221
hsv,32-16-8,"{""hue_smoothing"": true, ""hue_valid_weight"": true, ""s_min"": 20, ""v_min"": 40}",euclidean,0.3333333333333333,0.42444444444444446
hsv,32-16-8,"{""hue_smoothing"": true, ""hue_valid_weight"": true, ""s_min"": 20, ""v_min"": 40}",l1,0.4666666666666667,0.59
hsv,32-16-8,"{""hue_smoothing"": true, ""hue_valid_weight"": true, ""s_min"": 20, ""v_min"": 40}",chi2,0.5,0.5972222222222221
hsv,32-16-8,"{""hue_smoothing"": true, ""hue_valid_weight"": true, ""s_min"": 20, ""v_min"": 40}",intersection,0.5,0.6027777777777777
hsv,32-16-8,"{""hue_smoothing"": true, ""hue_valid_weight"": true, ""s_min"": 20, ""v_min"": 40}",hellinger,0.36666666666666664,0.46222222222222226
hsv,32-16-8,"{""hue_smoothing"": true, ""hue_valid_weight"": true, ""s_min"": 20, ""v_min"": 40}",wasserstein,0.4,0.5288888888888889
hsv,32-16-8,"{""hue_smoothing"": false, ""hue_valid_weight"": false, ""s_min"": 20, ""v_min"": 60}",euclidean,0.3,0.41500000000000004
hsv,32-16-8,"{""hue_smoothing"": false, ""hue_valid_weight"": false, ""s_min"": 20, ""v_min"": 60}",l1,0.43333333333333335,0.49000000000000005
hsv,32-16-8,"{""hue_smoothing"": false, ""hue_valid_weight"": false, ""s_min"": 20, ""v_min"": 60}",chi2,0.4666666666666667,0.5216666666666666
hsv,32-16-8,"{""hue_smoothing"": false, ""hue_valid_weight"": false, ""s_min"": 20, ""v_min"": 60}",intersection,0.43333333333333335,0.49000000000000005
hsv,32-16-8,"{""hue_smoothing"": false, ""hue_valid_weight"": false, ""s_min"": 20, ""v_min"": 60}",hellinger,0.43333333333333335,0.5216666666666667
hsv,32-16-8,"{""hue_smoothing"": false, ""hue_valid_weight"": false, ""s_min"": 20, ""v_min"": 60}",wasserstein,0.43333333333333335,0.5061111111111111
hsv,32-16-8,"{""hue_smoothing"": true, ""hue_valid_weight"": false, ""s_min"": 20, ""v_min"": 60}",euclidean,0.3333333333333333,0.4066666666666667
hsv,32-16-8,"{""hue_smoothing"": true, ""hue_valid_weight"": false, ""s_min"": 20, ""v_min"": 60}",l1,0.4,0.5166666666666667
hsv,32-16-8,"{""hue_smoothing"": true, ""hue_valid_weight"": false, ""s_min"": 20, ""v_min"": 60}",chi2,0.4666666666666667,0.5700000000000001
hsv,32-16-8,"{""hue_smoothing"": true, ""hue_valid_weight"": false, ""s_min"": 20, ""v_min"": 60}",intersection,0.4,0.5166666666666667
hsv,32-16-8,"{""hue_smoothing"": true, ""hue_valid_weight"": false, ""s_min"": 20, ""v_min"": 60}",hellinger,0.4666666666666667,0.575
hsv,32-16-8,"{""hue_smoothing"": true, ""hue_valid_weight"": false, ""s_min"": 20, ""v_min"": 60}",wasserstein,0.43333333333333335,0.5238888888888888
hsv,32-16-8,"{""hue_smoothing"": false, ""hue_valid_weight"": true, ""s_min"": 20, ""v_min"": 60}",euclidean,0.26666666666666666,0.3955555555555555
hsv,32-16-8,"{""hue_smoothing"": false, ""hue_valid_weight"": true, ""s_min"": 20, ""v_min"": 60}",l1,0.43333333333333335,0.5216666666666667
hsv,32-16-8,"{""hue_smoothing"": false, ""hue_valid_weight"": true, ""s_min"": 20, ""v_min"": 60}",chi2,0.5,0.5594444444444444
hsv,32-16-8,"{""hue_smoothing"": false, ""hue_valid_weight"": true, ""s_min"": 20, ""v_min"": 60}",intersection,0.4,0.5172222222222222
hsv,32-16-8,"{""hue_smoothing"": false, ""hue_valid_weight"": true, ""s_min"": 20, ""v_min"": 60}",hellinger,0.3333333333333333,0.435
hsv,32-16-8,"{""hue_smoothing"": false, ""hue_valid_weight"": true, ""s_min"": 20, ""v_min"": 60}",wasserstein,0.43333333333333335,0.5061111111111111
hsv,32-16-8,"{""hue_smoothing"": true, ""hue_valid_weight"": true, ""s_min"": 20, ""v_min"": 60}",euclidean,0.3,0.38722222222222225
hsv,32-16-8,"{""hue_smoothing"": true, ""hue_valid_weight"": true, ""s_min"": 20, ""v_min"": 60}",l1,0.4666666666666667,0.5788888888888888
hsv,32-16-8,"{""hue_smoothing"": true, ""hue_valid_weight"": true, ""s_min"": 20, ""v_min"": 60}",chi2,0.4,0.5483333333333333
hsv,32-16-8,"{""hue_smoothing"": true, ""hue_valid_weight"": true, ""s_min"": 20, ""v_min"": 60}",intersection,0.4666666666666667,0.5677777777777777
hsv,32-16-8,"{""hue_smoothing"": true, ""hue_valid_weight"": true, ""s_min"": 20, ""v_min"": 60}",hellinger,0.36666666666666664,0.44666666666666666
hsv,32-16-8,"{""hue_smoothing"": true, ""hue_valid_weight"": true, ""s_min"": 20, ""v_min"": 60}",wasserstein,0.43333333333333335,0.5238888888888888
hsv,32-16-8,"{""hue_smoothing"": false, ""hue_valid_weight"": false, ""s_min"": 40, ""v_min"": 20}",euclidean,0.4,0.4444444444444445
hsv,32-16-8,"{""hue_smoothing"": false, ""hue_valid_weight"": false, ""s_min"": 40, ""v_min"": 20}",l1,0.4666666666666667,0.5288888888888889
hsv,32-16-8,"{""hue_smoothing"": false, ""hue_valid_weight"": false, ""s_min"": 40, ""v_min"": 20}",chi2,0.5,0.5622222222222223
hsv,32-16-8,"{""hue_smoothing"": false, ""hue_valid_weight"": false, ""s_min"": 40, ""v_min"": 20}",intersection,0.4666666666666667,0.5288888888888889
hsv,32-16-8,"{""hue_smoothing"": false, ""hue_valid_weight"": false, ""s_min"": 40, ""v_min"": 20}",hellinger,0.5,0.5594444444444445
hsv,32-16-8,"{""hue_smoothing"": false, ""hue_valid_weight"": false, ""s_min"": 40, ""v_min"": 20}",wasserstein,0.36666666666666664,0.47055555555555556
hsv,32-16-8,"{""hue_smoothing"": true, ""hue_valid_weight"": false, ""s_min"": 40, ""v_min"": 20}",euclidean,0.36666666666666664,0.4305555555555555
hsv,32-16-8,"{""hue_smoothing"": true, ""hue_valid_weight"": false, ""s_min"": 40, ""v_min"": 20}",l1,0.5,0.6011111111111112
hsv,32-16-8,"{""hue_smoothing"": true, ""hue_valid_weight"": false, ""s_min"": 40, ""v_min"": 20}",chi2,0.43333333333333335,0.5594444444444444
hsv,32-16-8,"{""hue_smoothing"": true, ""hue_valid_weight"": false, ""s_min"": 40, ""v_min"": 20}",intersection,0.5,0.6011111111111112
hsv,32-16-8,"{""hue_smoothing"": true, ""hue_valid_weight"": false, ""s_min"": 40, ""v_min"": 20}",hellinger,0.43333333333333335,0.5566666666666668
hsv,32-16-8,"{""hue_smoothing"": true, ""hue_valid_weight"": false, ""s_min"": 40, ""v_min"": 20}",wasserstein,0.36666666666666664,0.4733333333333334
hsv,32-16-8,"{""hue_smoothing"": false, ""hue_valid_weight"": true, ""s_min"": 40, ""v_min"": 20}",euclidean,0.3333333333333333,0.4233333333333333
hsv,32-16-8,"{""hue_smoothing"": false, ""hue_valid_weight"": true, ""s_min"": 40, ""v_min"": 20}",l1,0.4666666666666667,0.5622222222222223
hsv,32-16-8,"{""hue_smoothing"": false, ""hue_valid_weight"": true, ""s_min"": 40, ""v_min"": 20}",chi2,0.43333333333333335,0.5444444444444445
hsv,32-16-8,"{""hue_smoothing"": false, ""hue_valid_weight"": true, ""s_min"": 40, ""v_min"": 20}",intersection,0.4666666666666667,0.5561111111111111
hsv,32-16-8,"{""hue_smoothing"": false, ""hue_valid_weight"": true, ""s_min"": 40, ""v_min"": 20}",hellinger,0.4,0.45944444444444443
hsv,32-16-8,"{""hue_smoothing"": false, ""hue_valid_weight"": true, ""s_min"": 40, ""v_min"": 20}",wasserstein,0.36666666666666664,0.47055555555555556
hsv,32-16-8,"{""hue_smoothing"": true, ""hue_valid_weight"": true, ""s_min"": 40, ""v_min"": 20}",euclidean,0.3333333333333333,0.3983333333333333
hsv,32-16-8,"{""hue_smoothing"": true, ""hue_valid_weight"": true, ""s_min"": 40, ""v_min"": 20}",l1,0.4666666666666667,0.5811111111111111
hsv,32-16-8,"{""hue_smoothing"": true, ""hue_valid_weight"": true, ""s_min"": 40, ""v_min"": 20}",chi2,0.43333333333333335,0.5611111111111111
hsv,32-16-8,"{""hue_smoothing"": true, ""hue_valid_weight"": true, ""s_min"": 40, ""v_min"": 20}",intersection,0.4,0.5205555555555555
hsv,32-16-8,"{""hue_smoothing"": true, ""hue_valid_weight"": true, ""s_min"": 40, ""v_min"": 20}",hellinger,0.36666666666666664,0.43722222222222223
hsv,32-16-8,"{""hue_smoothing"": true, ""hue_valid_weight"": true, ""s_min"": 40, ""v_min"": 20}",wasserstein,0.36666666666666664,0.4733333333333334
hsv,32-16-8,"{""hue_smoothing"": false, ""hue_valid_weight"": false, ""s_min"": 40, ""v_min"": 40}",euclidean,0.43333333333333335,0.47611111111111115
hsv,32-16-8,"{""hue_smoothing"": false, ""hue_valid_weight"": false, ""s_min"": 40, ""v_min"": 40}",l1,0.5,0.5555555555555556
hsv,32-16-8,"{""hue_smoothing"": false, ""hue_valid_weight"": false, ""s_min"": 40, ""v_min"": 40}",chi2,0.5,0.5511111111111112
hsv,32-16-8,"{""hue_smoothing"": false, ""hue_valid_weight"": false, ""s_min"": 40, ""v_min"": 40}",intersection,0.5,0.5555555555555556
hsv,32-16-8,"{""hue_smoothing"": false, ""hue_valid_weight"": false, ""s_min"": 40, ""v_min"": 40}",hellinger,0.5,0.5555555555555556
hsv,32-16-8,"{""hue_smoothing"": false, ""hue_valid_weight"": false, ""s_min"": 40, ""v_min"": 40}",wasserstein,0.4,0.49388888888888893
hsv,32-16-8,"{""hue_smoothing"": true, ""hue_valid_weight"": false, ""s_min"": 40, ""v_min"": 40}",euclidean,0.36666666666666664,0.43166666666666664
hsv,32-16-8,"{""hue_smoothing"": true, ""hue_valid_weight"": false, ""s_min"": 40, ""v_min"": 40}",l1,0.5,0.5861111111111111
hsv,32-16-8,"{""hue_smoothing"": true, ""hue_valid_weight"": false, ""s_min"": 40, ""v_min"": 40}",chi2,0.4666666666666667,0.5805555555555556
hsv,32-16-8,"{""hue_smoothing"": true, ""hue_valid_weight"": false, ""s_min"": 40, ""v_min"": 40}",intersection,0.5,0.5861111111111111
hsv,32-16-8,"{""hue_smoothing"": true, ""hue_valid_weight"": false, ""s_min"": 40, ""v_min"": 40}",hellinger,0.5,0.5872222222222222
hsv,32-16-8,"{""hue_smoothing"": true, ""hue_valid_weight"": false, ""s_min"": 40, ""v_min"": 40}",wasserstein,0.36666666666666664,0.48444444444444446
hsv,32-16-8,"{""hue_smoothing"": false, ""hue_valid_weight"": true, ""s_min"": 40, ""v_min"": 40}",euclidean,0.3333333333333333,0.43166666666666664
hsv,32-16-8,"{""hue_smoothing"": false, ""hue_valid_weight"": true, ""s_min"": 40, ""v_min"": 40}",l1,0.5,0.5694444444444444
hsv,32-16-8,"{""hue_smoothing"": false, ""hue_valid_weight"": true, ""s_min"": 40, ""v_min"": 40}",chi2,0.5,0.5744444444444444
hsv,32-16-8,"{""hue_smoothing"": false, ""hue_valid_weight"": true, ""s_min"": 40, ""v_min"": 40}",intersection,0.4,0.5266666666666667
hsv,32-16-8,"{""hue_smoothing"": false, ""hue_valid_weight"": true, ""s_min"": 40, ""v_min"": 40}",hellinger,0.36666666666666664,0.4533333333333333
hsv,32-16-8,"{""hue_smoothing"": false, ""hue_valid_weight"": true, ""s_min"": 40, ""v_min"": 40}",wasserstein,0.4,0.49388888888888893
hsv,32-16-8,"{""hue_smoothing"": true, ""hue_valid_weight"": true, ""s_min"": 40, ""v_min"": 40}",euclidean,0.3333333333333333,0.4011111111111111
hsv,32-16-8,"{""hue_smoothing"": true, ""hue_valid_weight"": true, ""s_min"": 40, ""v_min"": 40}",l1,0.5,0.5933333333333333
hsv,32-16-8,"{""hue_smoothing"": true, ""hue_valid_weight"": true, ""s_min"": 40, ""v_min"": 40}",chi2,0.4666666666666667,0.586111111111111
hsv,32-16-8,"{""hue_smoothing"": true, ""hue_valid_weight"": true, ""s_min"": 40, ""v_min"": 40}",intersection,0.4,0.5411111111111111
hsv,32-16-8,"{""hue_smoothing"": true, ""hue_valid_weight"": true, ""s_min"": 40, ""v_min"": 40}",hellinger,0.3,0.40611111111111114
hsv,32-16-8,"{""hue_smoothing"": true, ""hue_valid_weight"": true, ""s_min"": 40, ""v_min"": 40}",wasserstein,0.36666666666666664,0.48444444444444446
hsv,32-16-8,"{""hue_smoothing"": false, ""hue_valid_weight"": false, ""s_min"": 40, ""v_min"": 60}",euclidean,0.36666666666666664,0.4411111111111111
hsv,32-16-8,"{""hue_smoothing"": false, ""hue_valid_weight"": false, ""s_min"": 40, ""v_min"": 60}",l1,0.5,0.5466666666666666
hsv,32-16-8,"{""hue_smoothing"": false, ""hue_valid_weight"": false, ""s_min"": 40, ""v_min"": 60}",chi2,0.4666666666666667,0.5177777777777778
hsv,32-16-8,"{""hue_smoothing"": false, ""hue_valid_weight"": false, ""s_min"": 40, ""v_min"": 60}",intersection,0.5,0.5466666666666666
hsv,32-16-8,"{""hue_smoothing"": false, ""hue_valid_weight"": false, ""s_min"": 40, ""v_min"": 60}",hellinger,0.43333333333333335,0.5094444444444445
hsv,32-16-8,"{""hue_smoothing"": false, ""hue_valid_weight"": false, ""s_min"": 40, ""v_min"": 60}",wasserstein,0.36666666666666664,0.4733333333333334
hsv,32-16-8,"{""hue_smoothing"": true, ""hue_valid_weight"": false, ""s_min"": 40, ""v_min"": 60}",euclidean,0.3333333333333333,0.3944444444444445
hsv,32-16-8,"{""hue_smoothing"": true, ""hue_valid_weight"": false, ""s_min"": 40, ""v_min"": 60}",l1,0.43333333333333335,0.5272222222222223
hsv,32-16-8,"{""hue_smoothing"": true, ""hue_valid_weight"": false, ""s_min"": 40, ""v_min"": 60}",chi2,0.43333333333333335,0.5383333333333333
hsv,32-16-8,"{""hue_smoothing"": true, ""hue_valid_weight"": false, ""s_min"": 40, ""v_min"": 60}",intersection,0.43333333333333335,0.5272222222222223
hsv,32-16-8,"{""hue_smoothing"": true, ""hue_valid_weight"": false, ""s_min"": 40, ""v_min"": 60}",hellinger,0.4666666666666667,0.5638888888888888
hsv,32-16-8,"{""hue_smoothing"": true, ""hue_valid_weight"": false, ""s_min"": 40, ""v_min"": 60}",wasserstein,0.36666666666666664,0.48555555555555546
hsv,32-16-8,"{""hue_smoothing"": false, ""hue_valid_weight"": true, ""s_min"": 40, ""v_min"": 60}",euclidean,0.26666666666666666,0.38722222222222225
hsv,32-16-8,"{""hue_smoothing"": false, ""hue_valid_weight"": true, ""s_min"": 40, ""v_min"": 60}",l1,0.4666666666666667,0.5622222222222223
hsv,32-16-8,"{""hue_smoothing"": false, ""hue_valid_weight"": true, ""s_min"": 40, ""v_min"": 60}",chi2,0.5,0.5716666666666667
hsv,32-16-8,"{""hue_smoothing"": false, ""hue_valid_weight"": true, ""s_min"": 40, ""v_min"": 60}",intersection,0.43333333333333335,0.53
hsv,32-16-8,"{""hue_smoothing"": false, ""hue_valid_weight"": true, ""s_min"": 40, ""v_min"": 60}",hellinger,0.3333333333333333,0.40277777777777773
hsv,32-16-8,"{""hue_smoothing"": false, ""hue_valid_weight"": true, ""s_min"": 40, ""v_min"": 60}",wasserstein,0.36666666666666664,0.4733333333333334
hsv,32-16-8,"{""hue_smoothing"": true, ""hue_valid_weight"": true, ""s_min"": 40, ""v_min"": 60}",euclidean,0.3,0.37888888888888883
hsv,32-16-8,"{""hue_smoothing"": true, ""hue_valid_weight"": true, ""s_min"": 40, ""v_min"": 60}",l1,0.5,0.6
hsv,32-16-8,"{""hue_smoothing"": true, ""hue_valid_weight"": true, ""s_min"": 40, ""v_min"": 60}",chi2,0.4666666666666667,0.5788888888888889
hsv,32-16-8,"{""hue_smoothing"": true, ""hue_valid_weight"": true, ""s_min"": 40, ""v_min"": 60}",intersection,0.43333333333333335,0.5538888888888889
hsv,32-16-8,"{""hue_smoothing"": true, ""hue_valid_weight"": true, ""s_min"": 40, ""v_min"": 60}",hellinger,0.3,0.40277777777777773
hsv,32-16-8,"{""hue_smoothing"": true, ""hue_valid_weight"": true, ""s_min"": 40, ""v_min"": 60}",wasserstein,0.36666666666666664,0.48555555555555546
hsv,32-16-8,"{""hue_smoothing"": false, ""hue_valid_weight"": false, ""s_min"": 60, ""v_min"": 20}",euclidean,0.26666666666666666,0.37444444444444447
hsv,32-16-8,"{""hue_smoothing"": false, ""hue_valid_weight"": false, ""s_min"": 60, ""v_min"": 20}",l1,0.4666666666666667,0.5583333333333333
hsv,32-16-8,"{""hue_smoothing"": false, ""hue_valid_weight"": false, ""s_min"": 60, ""v_min"": 20}",chi2,0.5,0.58
hsv,32-16-8,"{""hue_smoothing"": false, ""hue_valid_weight"": false, ""s_min"": 60, ""v_min"": 20}",intersection,0.4666666666666667,0.5583333333333333
hsv,32-16-8,"{""hue_smoothing"": false, ""hue_valid_weight"": false, ""s_min"": 60, ""v_min"": 20}",hellinger,0.4666666666666667,0.58
hsv,32-16-8,"{""hue_smoothing"": false, ""hue_valid_weight"": false, ""s_min"": 60, ""v_min"": 20}",wasserstein,0.4,0.49611111111111117
hsv,32-16-8,"{""hue_smoothing"": true, ""hue_valid_weight"": false, ""s_min"": 60, ""v_min"": 20}",euclidean,0.3333333333333333,0.3927777777777778
hsv,32-16-8,"{""hue_smoothing"": true, ""hue_valid_weight"": false, ""s_min"": 60, ""v_min"": 20}",l1,0.4666666666666667,0.5844444444444444
hsv,32-16-8,"{""hue_smoothing"": true, ""hue_valid_weight"": false, ""s_min"": 60, ""v_min"": 20}",chi2,0.4666666666666667,0.5888888888888888
hsv,32-16-8,"{""hue_smoothing"": true, ""hue_valid_weight"": false, ""s_min"": 60, ""v_min"": 20}",intersection,0.4666666666666667,0.5844444444444444
hsv,32-16-8,"{""hue_smoothing"": true, ""hue_valid_weight"": false, ""s_min"": 60, ""v_min"": 20}",hellinger,0.5,0.5916666666666667
hsv,32-16-8,"{""hue_smoothing"": true, ""hue_valid_weight"": false, ""s_min"": 60, ""v_min"": 20}",wasserstein,0.4,0.49611111111111117
hsv,32-16-8,"{""hue_smoothing"": false, ""hue_valid_weight"": true, ""s_min"": 60, ""v_min"": 20}",euclidean,0.3,0.3788888888888889
hsv,32-16-8,"{""hue_smoothing"": false, ""hue_valid_weight"": true, ""s_min"": 60, ""v_min"": 20}",l1,0.43333333333333335,0.5538888888888889
hsv,32-16-8,"{""hue_smoothing"": false, ""hue_valid_weight"": true, ""s_min"": 60, ""v_min"": 20}",chi2,0.43333333333333335,0.5438888888888889
hsv,32-16-8,"{""hue_smoothing"": false, ""hue_valid_weight"": true, ""s_min"": 60, ""v_min"": 20}",intersection,0.43333333333333335,0.5633333333333332
hsv,32-16-8,"{""hue_smoothing"": false, ""hue_valid_weight"": true, ""s_min"": 60, ""v_min"": 20}",hellinger,0.3333333333333333,0.4094444444444445
hsv,32-16-8,"{""hue_smoothing"": false, ""hue_valid_weight"": true, ""s_min"": 60, ""v_min"": 20}",wasserstein,0.4,0.49611111111111117
hsv,32-16-8,"{""hue_smoothing"": true, ""hue_valid_weight"": true, ""s_min"": 60, ""v_min"": 20}",euclidean,0.3,0.37333333333333335
hsv,32-16-8,"{""hue_smoothing"": true, ""hue_valid_weight"": true, ""s_min"": 60, ""v_min"": 20}",l1,0.5,0.6161111111111112
hsv,32-16-8,"{""hue_smoothing"": true, ""hue_valid_weight"": true, ""s_min"": 60, ""v_min"": 20}",chi2,0.43333333333333335,0.55
hsv,32-16-8,"{""hue_smoothing"": true, ""hue_valid_weight"": true, ""s_min"": 60, ""v_min"": 20}",intersection,0.43333333333333335,0.5494444444444445
hsv,32-16-8,"{""hue_smoothing"": true, ""hue_valid_weight"": true, ""s_min"": 60, ""v_min"": 20}",hellinger,0.3333333333333333,0.3944444444444445
hsv,32-16-8,"{""hue_smoothing"": true, ""hue_valid_weight"": true, ""s_min"": 60, ""v_min"": 20}",wasserstein,0.4,0.49611111111111117
hsv,32-16-8,"{""hue_smoothing"": false, ""hue_valid_weight"": false, ""s_min"": 60, ""v_min"": 40}",euclidean,0.3333333333333333,0.41277777777777774
hsv,32-16-8,"{""hue_smoothing"": false, ""hue_valid_weight"": false, ""s_min"": 60, ""v_min"": 40}",l1,0.4666666666666667,0.565
hsv,32-16-8,"{""hue_smoothing"": false, ""hue_valid_weight"": false, ""s_min"": 60, ""v_min"": 40}",chi2,0.5,0.5788888888888889
hsv,32-16-8,"{""hue_smoothing"": false, ""hue_valid_weight"": false, ""s_min"": 60, ""v_min"": 40}",intersection,0.4666666666666667,0.565
hsv,32-16-8,"{""hue_smoothing"": false, ""hue_valid_weight"": false, ""s_min"": 60, ""v_min"": 40}",hellinger,0.5333333333333333,0.5983333333333333
hsv,32-16-8,"{""hue_smoothing"": false, ""hue_valid_weight"": false, ""s_min"": 60, ""v_min"": 40}",wasserstein,0.43333333333333335,0.5244444444444445
hsv,32-16-8,"{""hue_smoothing"": true, ""hue_valid_weight"": false, ""s_min"": 60, ""v_min"": 40}",euclidean,0.3,0.37333333333333335
hsv,32-16-8,"{""hue_smoothing"": true, ""hue_valid_weight"": false, ""s_min"": 60, ""v_min"": 40}",l1,0.5,0.5916666666666667
hsv,32-16-8,"{""hue_smoothing"": true, ""hue_valid_weight"": false, ""s_min"": 60, ""v_min"": 40}",chi2,0.4666666666666667,0.5883333333333333
hsv,32-16-8,"{""hue_smoothing"": true, ""hue_valid_weight"": false, ""s_min"": 60, ""v_min"": 40}",intersection,0.5,0.5916666666666667
hsv,32-16-8,"{""hue_smoothing"": true, ""hue_valid_weight"": false, ""s_min"": 60, ""v_min"": 40}",hellinger,0.5333333333333333,0.6205555555555555
hsv,32-16-8,"{""hue_smoothing"": true, ""hue_valid_weight"": false, ""s_min"": 60, ""v_min"": 40}",wasserstein,0.43333333333333335,0.5355555555555556
hsv,32-16-8,"{""hue_smoothing"": false, ""hue_valid_weight"": true, ""s_min"": 60, ""v_min"": 40}",euclidean,0.26666666666666666,0.36888888888888893
hsv,32-16-8,"{""hue_smoothing"": false, ""hue_valid_weight"": true, ""s_min"": 60, ""v_min"": 40}",l1,0.4666666666666667,0.5638888888888888
hsv,32-16-8,"{""hue_smoothing"": false, ""hue_valid_weight"": true, ""s_min"": 60, ""v_min"": 40}",chi2,0.43333333333333335,0.5411111111111111
hsv,32-16-8,"{""hue_smoothing"": false, ""hue_valid_weight"": true, ""s_min"": 60, ""v_min"": 40}",intersection,0.5,0.5816666666666667
hsv,32-16-8,"{""hue_smoothing"": false, ""hue_valid_weight"": true, ""s_min"": 60, ""v_min"": 40}",hellinger,0.4,0.4522222222222222
hsv,32-16-8,"{""hue_smoothing"": false, ""hue_valid_weight"": true, ""s_min"": 60, ""v_min"": 40}",wasserstein,0.43333333333333335,0.5244444444444445
hsv,32-16-8,"{""hue_smoothing"": true, ""hue_valid_weight"": true, ""s_min"": 60, ""v_min"": 40}",euclidean,0.3,0.3844444444444444
hsv,32-16-8,"{""hue_smoothing"": true, ""hue_valid_weight"": true, ""s_min"": 60, ""v_min"": 40}",l1,0.5,0.6122222222222222
hsv,32-16-8,"{""hue_smoothing"": true, ""hue_valid_weight"": true, ""s_min"": 60, ""v_min"": 40}",chi2,0.5,0.586111111111111
hsv,32-16-8,"{""hue_smoothing"": true, ""hue_valid_weight"": true, ""s_min"": 60, ""v_min"": 40}",intersection,0.4666666666666667,0.5783333333333334
hsv,32-16-8,"{""hue_smoothing"": true, ""hue_valid_weight"": true, ""s_min"": 60, ""v_min"": 40}",hellinger,0.36666666666666664,0.42055555555555557
hsv,32-16-8,"{""hue_smoothing"": true, ""hue_valid_weight"": true, ""s_min"": 60, ""v_min"": 40}",wasserstein,0.43333333333333335,0.5355555555555556
hsv,32-16-8,"{""hue_smoothing"": false, ""hue_valid_weight"": false, ""s_min"": 60, ""v_min"": 60}",euclidean,0.3,0.3855555555555556
hsv,32-16-8,"{""hue_smoothing"": false, ""hue_valid_weight"": false, ""s_min"": 60, ""v_min"": 60}",l1,0.43333333333333335,0.5588888888888889
hsv,32-16-8,"{""hue_smoothing"": false, ""hue_valid_weight"": false, ""s_min"": 60, ""v_min"": 60}",chi2,0.5,0.5966666666666666
hsv,32-16-8,"{""hue_smoothing"": false, ""hue_valid_weight"": false, ""s_min"": 60, ""v_min"": 60}",intersection,0.43333333333333335,0.5588888888888889
hsv,32-16-8,"{""hue_smoothing"": false, ""hue_valid_weight"": false, ""s_min"": 60, ""v_min"": 60}",hellinger,0.5333333333333333,0.615
hsv,32-16-8,"{""hue_smoothing"": false, ""hue_valid_weight"": false, ""s_min"": 60, ""v_min"": 60}",wasserstein,0.43333333333333335,0.5361111111111112
hsv,32-16-8,"{""hue_smoothing"": true, ""hue_valid_weight"": false, ""s_min"": 60, ""v_min"": 60}",euclidean,0.3,0.3472222222222222
hsv,32-16-8,"{""hue_smoothing"": true, ""hue_valid_weight"": false, ""s_min"": 60, ""v_min"": 60}",l1,0.4666666666666667,0.5644444444444444
hsv,32-16-8,"{""hue_smoothing"": true, ""hue_valid_weight"": false, ""s_min"": 60, ""v_min"": 60}",chi2,0.43333333333333335,0.5688888888888889
hsv,32-16-8,"{""hue_smoothing"": true, ""hue_valid_weight"": false, ""s_min"": 60, ""v_min"": 60}",intersection,0.4666666666666667,0.5644444444444444
hsv,32-16-8,"{""hue_smoothing"": true, ""hue_valid_weight"": false, ""s_min"": 60, ""v_min"": 60}",hellinger,0.4666666666666667,0.5916666666666667
hsv,32-16-8,"{""hue_smoothing"": true, ""hue_valid_weight"": false, ""s_min"": 60, ""v_min"": 60}",wasserstein,0.43333333333333335,0.5416666666666666
hsv,32-16-8,"{""hue_smoothing"": false, ""hue_valid_weight"": true, ""s_min"": 60, ""v_min"": 60}",euclidean,0.26666666666666666,0.3705555555555556
hsv,32-16-8,"{""hue_smoothing"": false, ""hue_valid_weight"": true, ""s_min"": 60, ""v_min"": 60}",l1,0.43333333333333335,0.5483333333333335
hsv,32-16-8,"{""hue_smoothing"": false, ""hue_valid_weight"": true, ""s_min"": 60, ""v_min"": 60}",chi2,0.4666666666666667,0.576111111111111
hsv,32-16-8,"{""hue_smoothing"": false, ""hue_valid_weight"": true, ""s_min"": 60, ""v_min"": 60}",intersection,0.4666666666666667,0.5838888888888889
hsv,32-16-8,"{""hue_smoothing"": false, ""hue_valid_weight"": true, ""s_min"": 60, ""v_min"": 60}",hellinger,0.3333333333333333,0.39722222222222225
hsv,32-16-8,"{""hue_smoothing"": false, ""hue_valid_weight"": true, ""s_min"": 60, ""v_min"": 60}",wasserstein,0.43333333333333335,0.5361111111111112
hsv,32-16-8,"{""hue_smoothing"": true, ""hue_valid_weight"": true, ""s_min"": 60, ""v_min"": 60}",euclidean,0.26666666666666666,0.36111111111111105
hsv,32-16-8,"{""hue_smoothing"": true, ""hue_valid_weight"": true, ""s_min"": 60, ""v_min"": 60}",l1,0.4666666666666667,0.5916666666666667
hsv,32-16-8,"{""hue_smoothing"": true, ""hue_valid_weight"": true, ""s_min"": 60, ""v_min"": 60}",chi2,0.4666666666666667,0.5688888888888889
hsv,32-16-8,"{""hue_smoothing"": true, ""hue_valid_weight"": true, ""s_min"": 60, ""v_min"": 60}",intersection,0.4,0.5411111111111111
hsv,32-16-8,"{""hue_smoothing"": true, ""hue_valid_weight"": true, ""s_min"": 60, ""v_min"": 60}",hellinger,0.3333333333333333,0.38277777777777783
hsv,32-16-8,"{""hue_smoothing"": true, ""hue_valid_weight"": true, ""s_min"": 60, ""v_min"": 60}",wasserstein,0.43333333333333335,0.5416666666666666
hsv,32-32-16,"{""hue_smoothing"": false, ""hue_valid_weight"": false, ""s_min"": 20, ""v_min"": 20}",euclidean,0.36666666666666664,0.4233333333333333
hsv,32-32-16,"{""hue_smoothing"": false, ""hue_valid_weight"": false, ""s_min"": 20, ""v_min"": 20}",l1,0.43333333333333335,0.5216666666666667
hsv,32-32-16,"{""hue_smoothing"": false, ""hue_valid_weight"": false, ""s_min"": 20, ""v_min"": 20}",chi2,0.4666666666666667,0.5177777777777778
hsv,32-32-16,"{""hue_smoothing"": false, ""hue_valid_weight"": false, ""s_min"": 20, ""v_min"": 20}",intersection,0.43333333333333335,0.5216666666666667
hsv,32-32-16,"{""hue_smoothing"": false, ""hue_valid_weight"": false, ""s_min"": 20, ""v_min"": 20}",hellinger,0.4666666666666667,0.5316666666666666
hsv,32-32-16,"{""hue_smoothing"": false, ""hue_valid_weight"": false, ""s_min"": 20, ""v_min"": 20}",wasserstein,0.43333333333333335,0.5455555555555556
hsv,32-32-16,"{""hue_smoothing"": true, ""hue_valid_weight"": false, ""s_min"": 20, ""v_min"": 20}",euclidean,0.4,0.425
hsv,32-32-16,"{""hue_smoothing"": true, ""hue_valid_weight"": false, ""s_min"": 20, ""v_min"": 20}",l1,0.4666666666666667,0.5566666666666666
hsv,32-32-16,"{""hue_smoothing"": true, ""hue_valid_weight"": false, ""s_min"": 20, ""v_min"": 20}",chi2,0.4666666666666667,0.5527777777777778
hsv,32-32-16,"{""hue_smoothing"": true, ""hue_valid_weight"": false, ""s_min"": 20, ""v_min"": 20}",intersection,0.4666666666666667,0.5566666666666666
hsv,32-32-16,"{""hue_smoothing"": true, ""hue_valid_weight"": false, ""s_min"": 20, ""v_min"": 20}",hellinger,0.43333333333333335,0.5472222222222222
hsv,32-32-16,"{""hue_smoothing"": true, ""hue_valid_weight"": false, ""s_min"": 20, ""v_min"": 20}",wasserstein,0.43333333333333335,0.5577777777777778
hsv,32-32-16,"{""hue_smoothing"": false, ""hue_valid_weight"": true, ""s_min"": 20, ""v_min"": 20}",euclidean,0.4,0.4444444444444444
hsv,32-32-16,"{""hue_smoothing"": false, ""hue_valid_weight"": true, ""s_min"": 20, ""v_min"": 20}",l1,0.4666666666666667,0.5494444444444445
hsv,32-32-16,"{""hue_smoothing"": false, ""hue_valid_weight"": true, ""s_min"": 20, ""v_min"": 20}",chi2,0.4666666666666667,0.5111111111111112
hsv,32-32-16,"{""hue_smoothing"": false, ""hue_valid_weight"": true, ""s_min"": 20, ""v_min"": 20}",intersection,0.4,0.5011111111111111
hsv,32-32-16,"{""hue_smoothing"": false, ""hue_valid_weight"": true, ""s_min"": 20, ""v_min"": 20}",hellinger,0.36666666666666664,0.46777777777777785
hsv,32-32-16,"{""hue_smoothing"": false, ""hue_valid_weight"": true, ""s_min"": 20, ""v_min"": 20}",wasserstein,0.43333333333333335,0.5455555555555556
hsv,32-32-16,"{""hue_smoothing"": true, ""hue_valid_weight"": true, ""s_min"": 20, ""v_min"": 20}",euclidean,0.43333333333333335,0.44166666666666665
hsv,32-32-16,"{""hue_smoothing"": true, ""hue_valid_weight"": true, ""s_min"": 20, ""v_min"": 20}",l1,0.5,0.58
hsv,32-32-16,"{""hue_smoothing"": true, ""hue_valid_weight"": true, ""s_min"": 20, ""v_min"": 20}",chi2,0.4666666666666667,0.5555555555555555
hsv,32-32-16,"{""hue_smoothing"": true, ""hue_valid_weight"": true, ""s_min"": 20, ""v_min"": 20}",intersection,0.4,0.5394444444444445
hsv,32-32-16,"{""hue_smoothing"": true, ""hue_valid_weight"": true, ""s_min"": 20, ""v_min"": 20}",hellinger,0.36666666666666664,0.48444444444444446
hsv,32-32-16,"{""hue_smoothing"": true, ""hue_valid_weight"": true, ""s_min"": 20, ""v_min"": 20}",wasserstein,0.43333333333333335,0.5577777777777778
hsv,32-32-16,"{""hue_smoothing"": false, ""hue_valid_weight"": false, ""s_min"": 20, ""v_min"": 40}",euclidean,0.36666666666666664,0.425
hsv,32-32-16,"{""hue_smoothing"": false, ""hue_valid_weight"": false, ""s_min"": 20, ""v_min"": 40}",l1,0.4666666666666667,0.5355555555555556
hsv,32-32-16,"{""hue_smoothing"": false, ""hue_valid_weight"": false, ""s_min"": 20, ""v_min"": 40}",chi2,0.5,0.5538888888888889
hsv,32-32-16,"{""hue_smoothing"": false, ""hue_valid_weight"": false, ""s_min"": 20, ""v_min"": 40}",intersection,0.4666666666666667,0.5355555555555556
hsv,32-32-16,"{""hue_smoothing"": false, ""hue_valid_weight"": false, ""s_min"": 20, ""v_min"": 40}",hellinger,0.4666666666666667,0.5400000000000001
hsv,32-32-16,"{""hue_smoothing"": false, ""hue_valid_weight"": false, ""s_min"": 20, ""v_min"": 40}",wasserstein,0.4,0.5066666666666667
hsv,32-32-16,"{""hue_smoothing"": true, ""hue_valid_weight"": false, ""s_min"": 20, ""v_min"": 40}",euclidean,0.4,0.4233333333333333
hsv,32-32-16,"{""hue_smoothing"": true, ""hue_valid_weight"": false, ""s_min"": 20, ""v_min"": 40}",l1,0.5333333333333333,0.5911111111111111
hsv,32-32-16,"{""hue_smoothing"": true, ""hue_valid_weight"": false, ""s_min"": 20, ""v_min"": 40}",chi2,0.4666666666666667,0.5583333333333333
hsv,32-32-16,"{""hue_smoothing"": true, ""hue_valid_weight"": false, ""s_min"": 20, ""v_min"": 40}",intersection,0.5333333333333333,0.5911111111111111
hsv,32-32-16,"{""hue_smoothing"": true, ""hue_valid_weight"": false, ""s_min"": 20, ""v_min"": 40}",hellinger,0.43333333333333335,0.551111111111111
hsv,32-32-16,"{""hue_smoothing"": true, ""hue_valid_weight"": false, ""s_min"": 20, ""v_min"": 40}",wasserstein,0.4,0.5272222222222223
hsv,32-32-16,"{""hue_smoothing"": false, ""hue_valid_weight"": true, ""s_min"": 20, ""v_min"": 40}",euclidean,0.36666666666666664,0.43333333333333335
hsv,32-32-16,"{""hue_smoothing"": false, ""hue_valid_weight"": true, ""s_min"": 20, ""v_min"": 40}",l1,0.5,0.5644444444444444
hsv,32-32-16,"{""hue_smoothing"": false, ""hue_valid_weight"": true, ""s_min"": 20, ""v_min"": 40}",chi2,0.5,0.5361111111111112
hsv,32-32-16,"{""hue_smoothing"": false, ""hue_valid_weight"": true, ""s_min"": 20, ""v_min"": 40}",intersection,0.5,0.5477777777777778
hsv,32-32-16,"{""hue_smoothing"": false, ""hue_valid_weight"": true, ""s_min"": 20, ""v_min"": 40}",hellinger,0.3333333333333333,0.45222222222222225
hsv,32-32-16,"{""hue_smoothing"": false, ""hue_valid_weight"": true, ""s_min"": 20, ""v_min"": 40}",wasserstein,0.4,0.5066666666666667
hsv,32-32-16,"{""hue_smoothing"": true, ""hue_valid_weight"": true, ""s_min"": 20, ""v_min"": 40}",euclidean,0.43333333333333335,0.44166666666666665
hsv,32-32-16,"{""hue_smoothing"": true, ""hue_valid_weight"": true, ""s_min"": 20, ""v_min"": 40}",l1,0.4666666666666667,0.565
hsv,32-32-16,"{""hue_smoothing"": true, ""hue_valid_weight"": true, ""s_min"": 20, ""v_min"": 40}",chi2,0.43333333333333335,0.5444444444444445
hsv,32-32-16,"{""hue_smoothing"": true, ""hue_valid_weight"": true, ""s_min"": 20, ""v_min"": 40}",intersection,0.4666666666666667,0.5716666666666667
hsv,32-32-16,"{""hue_smoothing"": true, ""hue_valid_weight"": true, ""s_min"": 20, ""v_min"": 40}",hellinger,0.26666666666666666,0.4066666666666666
hsv,32-32-16,"{""hue_smoothing"": true, ""hue_valid_weight"": true, ""s_min"": 20, ""v_min"": 40}",wasserstein,0.4,0.5272222222222223
hsv,32-32-16,"{""hue_smoothing"": false, ""hue_valid_weight"": false, ""s_min"": 20, ""v_min"": 60}",euclidean,0.3333333333333333,0.39444444444444443
hsv,32-32-16,"{""hue_smoothing"": false, ""hue_valid_weight"": false, ""s_min"": 20, ""v_min"": 60}",l1,0.4666666666666667,0.5205555555555555
hsv,32-32-16,"{""hue_smoothing"": false, ""hue_valid_weight"": false, ""s_min"": 20, ""v_min"": 60}",chi2,0.4666666666666667,0.5205555555555555
hsv,32-32-16,"{""hue_smoothing"": false, ""hue_valid_weight"": false, ""s_min"": 20, ""v_min"": 60}",intersection,0.4666666666666667,0.5205555555555555
hsv,32-32-16,"{""hue_smoothing"": false, ""hue_valid_weight"": false, ""s_min"": 20, ""v_min"": 60}",hellinger,0.4,0.49388888888888893
hsv,32-32-16,"{""hue_smoothing"": false, ""hue_valid_weight"": false, ""s_min"": 20, ""v_min"": 60}",wasserstein,0.43333333333333335,0.49944444444444447
hsv,32-32-16,"{""hue_smoothing"": true, ""hue_valid_weight"": false, ""s_min"": 20, ""v_min"": 60}",euclidean,0.3333333333333333,0.3844444444444444
hsv,32-32-16,"{""hue_smoothing"": true, ""hue_valid_weight"": false, ""s_min"": 20, ""v_min"": 60}",l1,0.43333333333333335,0.5144444444444445
hsv,32-32-16,"{""hue_smoothing"": true, ""hue_valid_weight"": false, ""s_min"": 20, ""v_min"": 60}",chi2,0.4666666666666667,0.5594444444444444
hsv,32-32-16,"{""hue_smoothing"": true, ""hue_valid_weight"": false, ""s_min"": 20, ""v_min"": 60}",intersection,0.43333333333333335,0.5144444444444445
hsv,32-32-16,"{""hue_smoothing"": true, ""hue_valid_weight"": false, ""s_min"": 20, ""v_min"": 60}",hellinger,0.43333333333333335,0.5466666666666666
hsv,32-32-16,"{""hue_smoothing"": true, ""hue_valid_weight"": false, ""s_min"": 20, ""v_min"": 60}",wasserstein,0.43333333333333335,0.5255555555555556
hsv,32-32-16,"{""hue_smoothing"": false, ""hue_valid_weight"": true, ""s_min"": 20, ""v_min"": 60}",euclidean,0.3,0.4066666666666666
hsv,32-32-16,"{""hue_smoothing"": false, ""hue_valid_weight"": true, ""s_min"": 20, ""v_min"": 60}",l1,0.5,0.5416666666666666
hsv,32-32-16,"{""hue_smoothing"": false, ""hue_valid_weight"": true, ""s_min"": 20, ""v_min"": 60}",chi2,0.43333333333333335,0.5022222222222222
hsv,32-32-16,"{""hue_smoothing"": false, ""hue_valid_weight"": true, ""s_min"": 20, ""v_min"": 60}",intersection,0.4666666666666667,0.525
hsv,32-32-16,"{""hue_smoothing"": false, ""hue_valid_weight"": true, ""s_min"": 20, ""v_min"": 60}",hellinger,0.36666666666666664,0.4366666666666667
hsv,32-32-16,"{""hue_smoothing"": false, ""hue_valid_weight"": true, ""s_min"": 20, ""v_min"": 60}",wasserstein,0.43333333333333335,0.49944444444444447
hsv,32-32-16,"{""hue_smoothing"": true, ""hue_valid_weight"": true, ""s_min"": 20, ""v_min"": 60}",euclidean,0.36666666666666664,0.4083333333333333
hsv,32-32-16,"{""hue_smoothing"": true, ""hue_valid_weight"": true, ""s_min"": 20, ""v_min"": 60}",l1,0.5333333333333333,0.5911111111111111
hsv,32-32-16,"{""hue_smoothing"": true, ""hue_valid_weight"": true, ""s_min"": 20, ""v_min"": 60}",chi2,0.43333333333333335,0.5472222222222223
hsv,32-32-16,"{""hue_smoothing"": true, ""hue_valid_weight"": true, ""s_min"": 20, ""v_min"": 60}",intersection,0.5,0.565
hsv,32-32-16,"{""hue_smoothing"": true, ""hue_valid_weight"": true, ""s_min"": 20, ""v_min"": 60}",hellinger,0.26666666666666666,0.4066666666666666
hsv,32-32-16,"{""hue_smoothing"": true, ""hue_valid_weight"": true, ""s_min"": 20, ""v_min"": 60}",wasserstein,0.43333333333333335,0.5255555555555556
hsv,32-32-16,"{""hue_smoothing"": false, ""hue_valid_weight"": false, ""s_min"": 40, ""v_min"": 20}",euclidean,0.36666666666666664,0.43666666666666665
hsv,32-32-16,"{""hue_smoothing"": false, ""hue_valid_weight"": false, ""s_min"": 40, ""v_min"": 20}",l1,0.4666666666666667,0.5316666666666666
hsv,32-32-16,"{""hue_smoothing"": false, ""hue_valid_weight"": false, ""s_min"": 40, ""v_min"": 20}",chi2,0.5,0.5372222222222223
hsv,32-32-16,"{""hue_smoothing"": false, ""hue_valid_weight"": false, ""s_min"": 40, ""v_min"": 20}",intersection,0.4666666666666667,0.5316666666666666
hsv,32-32-16,"{""hue_smoothing"": false, ""hue_valid_weight"": false, ""s_min"": 40, ""v_min"": 20}",hellinger,0.4666666666666667,0.5311111111111111
hsv,32-32-16,"{""hue_smoothing"": false, ""hue_valid_weight"": false, ""s_min"": 40, ""v_min"": 20}",wasserstein,0.36666666666666664,0.47722222222222227
hsv,32-32-16,"{""hue_smoothing"": true, ""hue_valid_weight"": false, ""s_min"": 40, ""v_min"": 20}",euclidean,0.4,0.425
hsv,32-32-16,"{""hue_smoothing"": true, ""hue_valid_weight"": false, ""s_min"": 40, ""v_min"": 20}",l1,0.5333333333333333,0.5816666666666667
hsv,32-32-16,"{""hue_smoothing"": true, ""hue_valid_weight"": false, ""s_min"": 40, ""v_min"": 20}",chi2,0.4666666666666667,0.565
hsv,32-32-16,"{""hue_smoothing"": true, ""hue_valid_weight"": false, ""s_min"": 40, ""v_min"": 20}",intersection,0.5333333333333333,0.5816666666666667
hsv,32-32-16,"{""hue_smoothing"": true, ""hue_valid_weight"": false, ""s_min"": 40, ""v_min"": 20}",hellinger,0.43333333333333335,0.5566666666666666
hsv,32-32-16,"{""hue_smoothing"": true, ""hue_valid_weight"": false, ""s_min"": 40, ""v_min"": 20}",wasserstein,0.36666666666666664,0.4677777777777778
hsv,32-32-16,"{""hue_smoothing"": false, ""hue_valid_weight"": true, ""s_min"": 40, ""v_min"": 20}",euclidean,0.36666666666666664,0.43333333333333335
hsv,32-32-16,"{""hue_smoothing"": false, ""hue_valid_weight"": true, ""s_min"": 40, ""v_min"": 20}",l1,0.4666666666666667,0.5316666666666666
hsv,32-32-16,"{""hue_smoothing"": false, ""hue_valid_weight"": true, ""s_min"": 40, ""v_min"": 20}",chi2,0.43333333333333335,0.49277777777777776
hsv,32-32-16,"{""hue_smoothing"": false, ""hue_valid_weight"": true, ""s_min"": 40, ""v_min"": 20}",intersection,0.4666666666666667,0.5177777777777778
hsv,32-32-16,"{""hue_smoothing"": false, ""hue_valid_weight"": true, ""s_min"": 40, ""v_min"": 20}",hellinger,0.36666666666666664,0.43444444444444447
hsv,32-32-16,"{""hue_smoothing"": false, ""hue_valid_weight"": true, ""s_min"": 40, ""v_min"": 20}",wasserstein,0.36666666666666664,0.47722222222222227
hsv,32-32-16,"{""hue_smoothing"": true, ""hue_valid_weight"": true, ""s_min"": 40, ""v_min"": 20}",euclidean,0.4,0.425
hsv,32-32-16,"{""hue_smoothing"": true, ""hue_valid_weight"": true, ""s_min"": 40, ""v_min"": 20}",l1,0.5333333333333333,0.6077777777777779
hsv,32-32-16,"{""hue_smoothing"": true, ""hue_valid_weight"": true, ""s_min"": 40, ""v_min"": 20}",chi2,0.43333333333333335,0.55
hsv,32-32-16,"{""hue_smoothing"": true, ""hue_valid_weight"": true, ""s_min"": 40, ""v_min"": 20}",intersection,0.43333333333333335,0.5255555555555556
hsv,32-32-16,"{""hue_smoothing"": true, ""hue_valid_weight"": true, ""s_min"": 40, ""v_min"": 20}",hellinger,0.36666666666666664,0.4222222222222223
hsv,32-32-16,"{""hue_smoothing"": true, ""hue_valid_weight"": true, ""s_min"": 40, ""v_min"": 20}",wasserstein,0.36666666666666664,0.4677777777777778
hsv,32-32-16,"{""hue_smoothing"": false, ""hue_valid_weight"": false, ""s_min"": 40, ""v_min"": 40}",euclidean,0.36666666666666664,0.43444444444444447
hsv,32-32-16,"{""hue_smoothing"": false, ""hue_valid_weight"": false, ""s_min"": 40, ""v_min"": 40}",l1,0.4666666666666667,0.5333333333333333
hsv,32-32-16,"{""hue_smoothing"": false, ""hue_valid_weight"": false, ""s_min"": 40, ""v_min"": 40}",chi2,0.5,0.5361111111111112
hsv,32-32-16,"{""hue_smoothing"": false, ""hue_valid_weight"": false, ""s_min"": 40, ""v_min"": 40}",intersection,0.4666666666666667,0.5333333333333333
hsv,32-32-16,"{""hue_smoothing"": false, ""hue_valid_weight"": false, ""s_min"": 40, ""v_min"": 40}",hellinger,0.4666666666666667,0.5288888888888889
hsv,32-32-16,"{""hue_smoothing"": false, ""hue_valid_weight"": false, ""s_min"": 40, ""v_min"": 40}",wasserstein,0.36666666666666664,0.47722222222222227
hsv,32-32-16,"{""hue_smoothing"": true, ""hue_valid_weight"": false, ""s_min"": 40, ""v_min"": 40}",euclidean,0.4,0.43166666666666664
hsv,32-32-16,"{""hue_smoothing"": true, ""hue_valid_weight"": false, ""s_min"": 40, ""v_min"": 40}",l1,0.5,0.5877777777777777
hsv,32-32-16,"{""hue_smoothing"": true, ""hue_valid_weight"": false, ""s_min"": 40, ""v_min"": 40}",chi2,0.4666666666666667,0.5583333333333333
hsv,32-32-16,"{""hue_smoothing"": true, ""hue_valid_weight"": false, ""s_min"": 40, ""v_min"": 40}",intersection,0.5,0.5877777777777777
hsv,32-32-16,"{""hue_smoothing"": true, ""hue_valid_weight"": false, ""s_min"": 40, ""v_min"": 40}",hellinger,0.5333333333333333,0.5916666666666667
hsv,32-32-16,"{""hue_smoothing"": true, ""hue_valid_weight"": false, ""s_min"": 40, ""v_min"": 40}",wasserstein,0.36666666666666664,0.48444444444444446
hsv,32-32-16,"{""hue_smoothing"": false, ""hue_valid_weight"": true, ""s_min"": 40, ""v_min"": 40}",euclidean,0.3333333333333333,0.42611111111111105
hsv,32-32-16,"{""hue_smoothing"": false, ""hue_valid_weight"": true, ""s_min"": 40, ""v_min"": 40}",l1,0.4666666666666667,0.5299999999999999
hsv,32-32-16,"{""hue_smoothing"": false, ""hue_valid_weight"": true, ""s_min"": 40, ""v_min"": 40}",chi2,0.4666666666666667,0.5194444444444445
hsv,32-32-16,"{""hue_smoothing"": false, ""hue_valid_weight"": true, ""s_min"": 40, ""v_min"": 40}",intersection,0.4666666666666667,0.5161111111111112
hsv,32-32-16,"{""hue_smoothing"": false, ""hue_valid_weight"": true, ""s_min"": 40, ""v_min"": 40}",hellinger,0.36666666666666664,0.43166666666666664
hsv,32-32-16,"{""hue_smoothing"": false, ""hue_valid_weight"": true, ""s_min"": 40, ""v_min"": 40}",wasserstein,0.36666666666666664,0.47722222222222227
hsv,32-32-16,"{""hue_smoothing"": true, ""hue_valid_weight"": true, ""s_min"": 40, ""v_min"": 40}",euclidean,0.36666666666666664,0.415
hsv,32-32-16,"{""hue_smoothing"": true, ""hue_valid_weight"": true, ""s_min"": 40, ""v_min"": 40}",l1,0.5333333333333333,0.5966666666666666
hsv,32-32-16,"{""hue_smoothing"": true, ""hue_valid_weight"": true, ""s_min"": 40, ""v_min"": 40}",chi2,0.5,0.5833333333333334
hsv,32-32-16,"{""hue_smoothing"": true, ""hue_valid_weight"": true, ""s_min"": 40, ""v_min"": 40}",intersection,0.43333333333333335,0.5327777777777778
hsv,32-32-16,"{""hue_smoothing"": true, ""hue_valid_weight"": true, ""s_min"": 40, ""v_min"": 40}",hellinger,0.3333333333333333,0.41055555555555556
hsv,32-32-16,"{""hue_smoothing"": true, ""hue_valid_weight"": true, ""s_min"": 40, ""v_min"": 40}",wasserstein,0.36666666666666664,0.48444444444444446
hsv,32-32-16,"{""hue_smoothing"": false, ""hue_valid_weight"": false, ""s_min"": 40, ""v_min"": 60}",euclidean,0.3333333333333333,0.39444444444444443
hsv,32-32-16,"{""hue_smoothing"": false, ""hue_valid_weight"": false, ""s_min"": 40, ""v_min"": 60}",l1,0.4666666666666667,0.5261111111111111
hsv,32-32-16,"{""hue_smoothing"": false, ""hue_valid_weight"": false, ""s_min"": 40, ""v_min"": 60}",chi2,0.4666666666666667,0.5188888888888888
hsv,32-32-16,"{""hue_smoothing"": false, ""hue_valid_weight"": false, ""s_min"": 40, ""v_min"": 60}",intersection,0.4666666666666667,0.5261111111111111
hsv,32-32-16,"{""hue_smoothing"": false, ""hue_valid_weight"": false, ""s_min"": 40, ""v_min"": 60}",hellinger,0.43333333333333335,0.5
hsv,32-32-16,"{""hue_smoothing"": false, ""hue_valid_weight"": false, ""s_min"": 40, ""v_min"": 60}",wasserstein,0.36666666666666664,0.4716666666666667
hsv,32-32-16,"{""hue_smoothing"": true, ""hue_valid_weight"": false, ""s_min"": 40, ""v_min"": 60}",euclidean,0.36666666666666664,0.4066666666666666
hsv,32-32-16,"{""hue_smoothing"": true, ""hue_valid_weight"": false, ""s_min"": 40, ""v_min"": 60}",l1,0.43333333333333335,0.518888888888889
hsv,32-32-16,"{""hue_smoothing"": true, ""hue_valid_weight"": false, ""s_min"": 40, ""v_min"": 60}",chi2,0.4666666666666667,0.5494444444444445
hsv,32-32-16,"{""hue_smoothing"": true, ""hue_valid_weight"": false, ""s_min"": 40, ""v_min"": 60}",intersection,0.43333333333333335,0.518888888888889
hsv,32-32-16,"{""hue_smoothing"": true, ""hue_valid_weight"": false, ""s_min"": 40, ""v_min"": 60}",hellinger,0.4666666666666667,0.5483333333333333
hsv,32-32-16,"{""hue_smoothing"": true, ""hue_valid_weight"": false, ""s_min"": 40, ""v_min"": 60}",wasserstein,0.36666666666666664,0.48722222222222217
hsv,32-32-16,"{""hue_smoothing"": false, ""hue_valid_weight"": true, ""s_min"": 40, ""v_min"": 60}",euclidean,0.3,0.4133333333333333
hsv,32-32-16,"{""hue_smoothing"": false, ""hue_valid_weight"": true, ""s_min"": 40, ""v_min"": 60}",l1,0.43333333333333335,0.5166666666666667
hsv,32-32-16,"{""hue_smoothing"": false, ""hue_valid_weight"": true, ""s_min"": 40, ""v_min"": 60}",chi2,0.43333333333333335,0.505
hsv,32-32-16,"{""hue_smoothing"": false, ""hue_valid_weight"": true, ""s_min"": 40, ""v_min"": 60}",intersection,0.43333333333333335,0.4994444444444444
hsv,32-32-16,"{""hue_smoothing"": false, ""hue_valid_weight"": true, ""s_min"": 40, ""v_min"": 60}",hellinger,0.3333333333333333,0.3888888888888889
hsv,32-32-16,"{""hue_smoothing"": false, ""hue_valid_weight"": true, ""s_min"": 40, ""v_min"": 60}",wasserstein,0.36666666666666664,0.4716666666666667
hsv,32-32-16,"{""hue_smoothing"": true, ""hue_valid_weight"": true, ""s_min"": 40, ""v_min"": 60}",euclidean,0.3,0.3694444444444444
hsv,32-32-16,"{""hue_smoothing"": true, ""hue_valid_weight"": true, ""s_min"": 40, ""v_min"": 60}",l1,0.4666666666666667,0.5616666666666668
hsv,32-32-16,"{""hue_smoothing"": true, ""hue_valid_weight"": true, ""s_min"": 40, ""v_min"": 60}",chi2,0.4666666666666667,0.5611111111111112
hsv,32-32-16,"{""hue_smoothing"": true, ""hue_valid_weight"": true, ""s_min"": 40, ""v_min"": 60}",intersection,0.43333333333333335,0.5222222222222223
hsv,32-32-16,"{""hue_smoothing"": true, ""hue_valid_weight"": true, ""s_min"": 40, ""v_min"": 60}",hellinger,0.3333333333333333,0.3994444444444445
hsv,32-32-16,"{""hue_smoothing"": true, ""hue_valid_weight"": true, ""s_min"": 40, ""v_min"": 60}",wasserstein,0.36666666666666664,0.48722222222222217
hsv,32-32-16,"{""hue_smoothing"": false, ""hue_valid_weight"": false, ""s_min"": 60, ""v_min"": 20}",euclidean,0.36666666666666664,0.40944444444444444
hsv,32-32-16,"{""hue_smoothing"": false, ""hue_valid_weight"": false, ""s_min"": 60, ""v_min"": 20}",l1,0.5,0.5577777777777778
hsv,32-32-16,"{""hue_smoothing"": false, ""hue_valid_weight"": false, ""s_min"": 60, ""v_min"": 20}",chi2,0.5333333333333333,0.5733333333333335
hsv,32-32-16,"{""hue_smoothing"": false, ""hue_valid_weight"": false, ""s_min"": 60, ""v_min"": 20}",intersection,0.5,0.5577777777777778
hsv,32-32-16,"{""hue_smoothing"": false, ""hue_valid_weight"": false, ""s_min"": 60, ""v_min"": 20}",hellinger,0.5333333333333333,0.5855555555555557
hsv,32-32-16,"{""hue_smoothing"": false, ""hue_valid_weight"": false, ""s_min"": 60, ""v_min"": 20}",wasserstein,0.4,0.4827777777777778
hsv,32-32-16,"{""hue_smoothing"": true, ""hue_valid_weight"": false, ""s_min"": 60, ""v_min"": 20}",euclidean,0.4,0.425
hsv,32-32-16,"{""hue_smoothing"": true, ""hue_valid_weight"": false, ""s_min"": 60, ""v_min"": 20}",l1,0.4666666666666667,0.5705555555555556
hsv,32-32-16,"{""hue_smoothing"": true, ""hue_valid_weight"": false, ""s_min"": 60, ""v_min"": 20}",chi2,0.5333333333333333,0.6055555555555555
hsv,32-32-16,"{""hue_smoothing"": true, ""hue_valid_weight"": false, ""s_min"": 60, ""v_min"": 20}",intersection,0.4666666666666667,0.5705555555555556
hsv,32-32-16,"{""hue_smoothing"": true, ""hue_valid_weight"": false, ""s_min"": 60, ""v_min"": 20}",hellinger,0.5,0.5916666666666667
hsv,32-32-16,"{""hue_smoothing"": true, ""hue_valid_weight"": false, ""s_min"": 60, ""v_min"": 20}",wasserstein,0.4,0.4827777777777778
hsv,32-32-16,"{""hue_smoothing"": false, ""hue_valid_weight"": true, ""s_min"": 60, ""v_min"": 20}",euclidean,0.36666666666666664,0.43888888888888894
hsv,32-32-16,"{""hue_smoothing"": false, ""hue_valid_weight"": true, ""s_min"": 60, ""v_min"": 20}",l1,0.5,0.5611111111111112
hsv,32-32-16,"{""hue_smoothing"": false, ""hue_valid_weight"": true, ""s_min"": 60, ""v_min"": 20}",chi2,0.5,0.5511111111111112
hsv,32-32-16,"{""hue_smoothing"": false, ""hue_valid_weight"": true, ""s_min"": 60, ""v_min"": 20}",intersection,0.4666666666666667,0.5316666666666666
hsv,32-32-16,"{""hue_smoothing"": false, ""hue_valid_weight"": true, ""s_min"": 60, ""v_min"": 20}",hellinger,0.36666666666666664,0.42055555555555557
hsv,32-32-16,"{""hue_smoothing"": false, ""hue_valid_weight"": true, ""s_min"": 60, ""v_min"": 20}",wasserstein,0.4,0.4827777777777778
hsv,32-32-16,"{""hue_smoothing"": true, ""hue_valid_weight"": true, ""s_min"": 60, ""v_min"": 20}",euclidean,0.3333333333333333,0.38833333333333336
hsv,32-32-16,"{""hue_smoothing"": true, ""hue_valid_weight"": true, ""s_min"": 60, ""v_min"": 20}",l1,0.4666666666666667,0.5549999999999999
hsv,32-32-16,"{""hue_smoothing"": true, ""hue_valid_weight"": true, ""s_min"": 60, ""v_min"": 20}",chi2,0.4666666666666667,0.5583333333333333
hsv,32-32-16,"{""hue_smoothing"": true, ""hue_valid_weight"": true, ""s_min"": 60, ""v_min"": 20}",intersection,0.43333333333333335,0.5288888888888889
hsv,32-32-16,"{""hue_smoothing"": true, ""hue_valid_weight"": true, ""s_min"": 60, ""v_min"": 20}",hellinger,0.3333333333333333,0.40111111111111114
hsv,32-32-16,"{""hue_smoothing"": true, ""hue_valid_weight"": true, ""s_min"": 60, ""v_min"": 20}",wasserstein,0.4,0.4827777777777778
hsv,32-32-16,"{""hue_smoothing"": false, ""hue_valid_weight"": false, ""s_min"": 60, ""v_min"": 40}",euclidean,0.36666666666666664,0.41777777777777775
hsv,32-32-16,"{""hue_smoothing"": false, ""hue_valid_weight"": false, ""s_min"": 60, ""v_min"": 40}",l1,0.5,0.5583333333333333
hsv,32-32-16,"{""hue_smoothing"": false, ""hue_valid_weight"": false, ""s_min"": 60, ""v_min"": 40}",chi2,0.5333333333333333,0.5622222222222223
hsv,32-32-16,"{""hue_smoothing"": false, ""hue_valid_weight"": false, ""s_min"": 60, ""v_min"": 40}",intersection,0.5,0.5583333333333333
hsv,32-32-16,"{""hue_smoothing"": false, ""hue_valid_weight"": false, ""s_min"": 60, ""v_min"": 40}",hellinger,0.5333333333333333,0.5888888888888888
hsv,32-32-16,"{""hue_smoothing"": false, ""hue_valid_weight"": false, ""s_min"": 60, ""v_min"": 40}",wasserstein,0.43333333333333335,0.5244444444444445
hsv,32-32-16,"{""hue_smoothing"": true, ""hue_valid_weight"": false, ""s_min"": 60, ""v_min"": 40}",euclidean,0.4,0.43333333333333335
hsv,32-32-16,"{""hue_smoothing"": true, ""hue_valid_weight"": false, ""s_min"": 60, ""v_min"": 40}",l1,0.5,0.6005555555555555
hsv,32-32-16,"{""hue_smoothing"": true, ""hue_valid_weight"": false, ""s_min"": 60, ""v_min"": 40}",chi2,0.5333333333333333,0.6022222222222222
hsv,32-32-16,"{""hue_smoothing"": true, ""hue_valid_weight"": false, ""s_min"": 60, ""v_min"": 40}",intersection,0.5,0.6005555555555555
hsv,32-32-16,"{""hue_smoothing"": true, ""hue_valid_weight"": false, ""s_min"": 60, ""v_min"": 40}",hellinger,0.5333333333333333,0.6083333333333333
hsv,32-32-16,"{""hue_smoothing"": true, ""hue_valid_weight"": false, ""s_min"": 60, ""v_min"": 40}",wasserstein,0.43333333333333335,0.5288888888888889
hsv,32-32-16,"{""hue_smoothing"": false, ""hue_valid_weight"": true, ""s_min"": 60, ""v_min"": 40}",euclidean,0.3333333333333333,0.4194444444444444
hsv,32-32-16,"{""hue_smoothing"": false, ""hue_valid_weight"": true, ""s_min"": 60, ""v_min"": 40}",l1,0.5,0.551111111111111
hsv,32-32-16,"{""hue_smoothing"": false, ""hue_valid_weight"": true, ""s_min"": 60, ""v_min"": 40}",chi2,0.4666666666666667,0.5361111111111112
hsv,32-32-16,"{""hue_smoothing"": false, ""hue_valid_weight"": true, ""s_min"": 60, ""v_min"": 40}",intersection,0.4666666666666667,0.5272222222222223
hsv,32-32-16,"{""hue_smoothing"": false, ""hue_valid_weight"": true, ""s_min"": 60, ""v_min"": 40}",hellinger,0.4,0.4494444444444445
hsv,32-32-16,"{""hue_smoothing"": false, ""hue_valid_weight"": true, ""s_min"": 60, ""v_min"": 40}",wasserstein,0.43333333333333335,0.5244444444444445
hsv,32-32-16,"{""hue_smoothing"": true, ""hue_valid_weight"": true, ""s_min"": 60, ""v_min"": 40}",euclidean,0.3333333333333333,0.38999999999999996
hsv,32-32-16,"{""hue_smoothing"": true, ""hue_valid_weight"": true, ""s_min"": 60, ""v_min"": 40}",l1,0.4666666666666667,0.5661111111111111
hsv,32-32-16,"{""hue_smoothing"": true, ""hue_valid_weight"": true, ""s_min"": 60, ""v_min"": 40}",chi2,0.5,0.5722222222222222
hsv,32-32-16,"{""hue_smoothing"": true, ""hue_valid_weight"": true, ""s_min"": 60, ""v_min"": 40}",intersection,0.4666666666666667,0.565
hsv,32-32-16,"{""hue_smoothing"": true, ""hue_valid_weight"": true, ""s_min"": 60, ""v_min"": 40}",hellinger,0.3333333333333333,0.425
hsv,32-32-16,"{""hue_smoothing"": true, ""hue_valid_weight"": true, ""s_min"": 60, ""v_min"": 40}",wasserstein,0.43333333333333335,0.5288888888888889
hsv,32-32-16,"{""hue_smoothing"": false, ""hue_valid_weight"": false, ""s_min"": 60, ""v_min"": 60}",euclidean,0.3,0.3761111111111111
hsv,32-32-16,"{""hue_smoothing"": false, ""hue_valid_weight"": false, ""s_min"": 60, ""v_min"": 60}",l1,0.5,0.5661111111111111
hsv,32-32-16,"{""hue_smoothing"": false, ""hue_valid_weight"": false, ""s_min"": 60, ""v_min"": 60}",chi2,0.5,0.5622222222222223
hsv,32-32-16,"{""hue_smoothing"": false, ""hue_valid_weight"": false, ""s_min"": 60, ""v_min"": 60}",intersection,0.5,0.5661111111111111
hsv,32-32-16,"{""hue_smoothing"": false, ""hue_valid_weight"": false, ""s_min"": 60, ""v_min"": 60}",hellinger,0.43333333333333335,0.5416666666666666
hsv,32-32-16,"{""hue_smoothing"": false, ""hue_valid_weight"": false, ""s_min"": 60, ""v_min"": 60}",wasserstein,0.43333333333333335,0.538888888888889
hsv,32-32-16,"{""hue_smoothing"": true, ""hue_valid_weight"": false, ""s_min"": 60, ""v_min"": 60}",euclidean,0.36666666666666664,0.4111111111111111
hsv,32-32-16,"{""hue_smoothing"": true, ""hue_valid_weight"": false, ""s_min"": 60, ""v_min"": 60}",l1,0.5,0.5716666666666667
hsv,32-32-16,"{""hue_smoothing"": true, ""hue_valid_weight"": false, ""s_min"": 60, ""v_min"": 60}",chi2,0.5,0.5872222222222222
hsv,32-32-16,"{""hue_smoothing"": true, ""hue_valid_weight"": false, ""s_min"": 60, ""v_min"": 60}",intersection,0.5,0.5716666666666667
hsv,32-32-16,"{""hue_smoothing"": true, ""hue_valid_weight"": false, ""s_min"": 60, ""v_min"": 60}",hellinger,0.5,0.586111111111111
hsv,32-32-16,"{""hue_smoothing"": true, ""hue_valid_weight"": false, ""s_min"": 60, ""v_min"": 60}",wasserstein,0.4666666666666667,0.5583333333333333
hsv,32-32-16,"{""hue_smoothing"": false, ""hue_valid_weight"": true, ""s_min"": 60, ""v_min"": 60}",euclidean,0.3,0.40944444444444444
hsv,32-32-16,"{""hue_smoothing"": false, ""hue_valid_weight"": true, ""s_min"": 60, ""v_min"": 60}",l1,0.4666666666666667,0.5411111111111111
hsv,32-32-16,"{""hue_smoothing"": false, ""hue_valid_weight"": true, ""s_min"": 60, ""v_min"": 60}",chi2,0.43333333333333335,0.53
hsv,32-32-16,"{""hue_smoothing"": false, ""hue_valid_weight"": true, ""s_min"": 60, ""v_min"": 60}",intersection,0.43333333333333335,0.5094444444444445
hsv,32-32-16,"{""hue_smoothing"": false, ""hue_valid_weight"": true, ""s_min"": 60, ""v_min"": 60}",hellinger,0.3,0.3805555555555556
hsv,32-32-16,"{""hue_smoothing"": false, ""hue_valid_weight"": true, ""s_min"": 60, ""v_min"": 60}",wasserstein,0.43333333333333335,0.538888888888889
hsv,32-32-16,"{""hue_smoothing"": true, ""hue_valid_weight"": true, ""s_min"": 60, ""v_min"": 60}",euclidean,0.3,0.37444444444444447
hsv,32-32-16,"{""hue_smoothing"": true, ""hue_valid_weight"": true, ""s_min"": 60, ""v_min"": 60}",l1,0.43333333333333335,0.5494444444444445
hsv,32-32-16,"{""hue_smoothing"": true, ""hue_valid_weight"": true, ""s_min"": 60, ""v_min"": 60}",chi2,0.4666666666666667,0.5694444444444445
hsv,32-32-16,"{""hue_smoothing"": true, ""hue_valid_weight"": true, ""s_min"": 60, ""v_min"": 60}",intersection,0.43333333333333335,0.5416666666666666
hsv,32-32-16,"{""hue_smoothing"": true, ""hue_valid_weight"": true, ""s_min"": 60, ""v_min"": 60}",hellinger,0.3,0.36611111111111116
hsv,32-32-16,"{""hue_smoothing"": true, ""hue_valid_weight"": true, ""s_min"": 60, ""v_min"": 60}",wasserstein,0.4666666666666667,0.5583333333333333
hsv,64-32-16,"{""hue_smoothing"": false, ""hue_valid_weight"": false, ""s_min"": 20, ""v_min"": 20}",euclidean,0.43333333333333335,0.4511111111111112
hsv,64-32-16,"{""hue_smoothing"": false, ""hue_valid_weight"": false, ""s_min"": 20, ""v_min"": 20}",l1,0.43333333333333335,0.5361111111111111
hsv,64-32-16,"{""hue_smoothing"": false, ""hue_valid_weight"": false, ""s_min"": 20, ""v_min"": 20}",chi2,0.5,0.5455555555555556
hsv,64-32-16,"{""hue_smoothing"": false, ""hue_valid_weight"": false, ""s_min"": 20, ""v_min"": 20}",intersection,0.43333333333333335,0.5361111111111111
hsv,64-32-16,"{""hue_smoothing"": false, ""hue_valid_weight"": false, ""s_min"": 20, ""v_min"": 20}",hellinger,0.4666666666666667,0.5166666666666667
hsv,64-32-16,"{""hue_smoothing"": false, ""hue_valid_weight"": false, ""s_min"": 20, ""v_min"": 20}",wasserstein,0.43333333333333335,0.5511111111111112
hsv,64-32-16,"{""hue_smoothing"": true, ""hue_valid_weight"": false, ""s_min"": 20, ""v_min"": 20}",euclidean,0.4,0.43166666666666664
hsv,64-32-16,"{""hue_smoothing"": true, ""hue_valid_weight"": false, ""s_min"": 20, ""v_min"": 20}",l1,0.4666666666666667,0.5677777777777777
hsv,64-32-16,"{""hue_smoothing"": true, ""hue_valid_weight"": false, ""s_min"": 20, ""v_min"": 20}",chi2,0.4666666666666667,0.5588888888888889
hsv,64-32-16,"{""hue_smoothing"": true, ""hue_valid_weight"": false, ""s_min"": 20, ""v_min"": 20}",intersection,0.4666666666666667,0.5677777777777777
hsv,64-32-16,"{""hue_smoothing"": true, ""hue_valid_weight"": false, ""s_min"": 20, ""v_min"": 20}",hellinger,0.4666666666666667,0.5605555555555556
hsv,64-32-16,"{""hue_smoothing"": true, ""hue_valid_weight"": false, ""s_min"": 20, ""v_min"": 20}",wasserstein,0.43333333333333335,0.5538888888888889
hsv,64-32-16,"{""hue_smoothing"": false, ""hue_valid_weight"": true, ""s_min"": 20, ""v_min"": 20}",euclidean,0.36666666666666664,0.41777777777777786
hsv,64-32-16,"{""hue_smoothing"": false, ""hue_valid_weight"": true, ""s_min"": 20, ""v_min"": 20}",l1,0.5333333333333333,0.5888888888888888
hsv,64-32-16,"{""hue_smoothing"": false, ""hue_valid_weight"": true, ""s_min"": 20, ""v_min"": 20}",chi2,0.5,0.5494444444444445
hsv,64-32-16,"{""hue_smoothing"": false, ""hue_valid_weight"": true, ""s_min"": 20, ""v_min"": 20}",intersection,0.4,0.5277777777777778
hsv,64-32-16,"{""hue_smoothing"": false, ""hue_valid_weight"": true, ""s_min"": 20, ""v_min"": 20}",hellinger,0.4,0.47222222222222227
hsv,64-32-16,"{""hue_smoothing"": false, ""hue_valid_weight"": true, ""s_min"": 20, ""v_min"": 20}",wasserstein,0.43333333333333335,0.5511111111111112
hsv,64-32-16,"{""hue_smoothing"": true, ""hue_valid_weight"": true, ""s_min"": 20, ""v_min"": 20}",euclidean,0.4,0.425
hsv,64-32-16,"{""hue_smoothing"": true, ""hue_valid_weight"": true, ""s_min"": 20, ""v_min"": 20}",l1,0.5,0.5805555555555555
hsv,64-32-16,"{""hue_smoothing"": true, ""hue_valid_weight"": true, ""s_min"": 20, ""v_min"": 20}",chi2,0.43333333333333335,0.5327777777777778
hsv,64-32-16,"{""hue_smoothing"": true, ""hue_valid_weight"": true, ""s_min"": 20, ""v_min"": 20}",intersection,0.43333333333333335,0.5388888888888889
hsv,64-32-16,"{""hue_smoothing"": true, ""hue_valid_weight"": true, ""s_min"": 20, ""v_min"": 20}",hellinger,0.4,0.5027777777777779
hsv,64-32-16,"{""hue_smoothing"": true, ""hue_valid_weight"": true, ""s_min"": 20, ""v_min"": 20}",wasserstein,0.43333333333333335,0.5538888888888889
hsv,64-32-16,"{""hue_smoothing"": false, ""hue_valid_weight"": false, ""s_min"": 20, ""v_min"": 40}",euclidean,0.36666666666666664,0.4261111111111111
hsv,64-32-16,"{""hue_smoothing"": false, ""hue_valid_weight"": false, ""s_min"": 20, ""v_min"": 40}",l1,0.4666666666666667,0.551111111111111
hsv,64-32-16,"{""hue_smoothing"": false, ""hue_valid_weight"": false, ""s_min"": 20, ""v_min"": 40}",chi2,0.5,0.5594444444444444
hsv,64-32-16,"{""hue_smoothing"": false, ""hue_valid_weight"": false, ""s_min"": 20, ""v_min"": 40}",intersection,0.4666666666666667,0.551111111111111
hsv,64-32-16,"{""hue_smoothing"": false, ""hue_valid_weight"": false, ""s_min"": 20, ""v_min"": 40}",hellinger,0.4666666666666667,0.5272222222222223
hsv,64-32-16,"{""hue_smoothing"": false, ""hue_valid_weight"": false, ""s_min"": 20, ""v_min"": 40}",wasserstein,0.4,0.505
hsv,64-32-16,"{""hue_smoothing"": true, ""hue_valid_weight"": false, ""s_min"": 20, ""v_min"": 40}",euclidean,0.36666666666666664,0.4166666666666667
hsv,64-32-16,"{""hue_smoothing"": true, ""hue_valid_weight"": false, ""s_min"": 20, ""v_min"": 40}",l1,0.4666666666666667,0.5705555555555556
hsv,64-32-16,"{""hue_smoothing"": true, ""hue_valid_weight"": false, ""s_min"": 20, ""v_min"": 40}",chi2,0.5,0.5788888888888888
hsv,64-32-16,"{""hue_smoothing"": true, ""hue_valid_weight"": false, ""s_min"": 20, ""v_min"": 40}",intersection,0.4666666666666667,0.5705555555555556
hsv,64-32-16,"{""hue_smoothing"": true, ""hue_valid_weight"": false, ""s_min"": 20, ""v_min"": 40}",hellinger,0.4666666666666667,0.5666666666666667
hsv,64-32-16,"{""hue_smoothing"": true, ""hue_valid_weight"": false, ""s_min"": 20, ""v_min"": 40}",wasserstein,0.4,0.5188888888888888
hsv,64-32-16,"{""hue_smoothing"": false, ""hue_valid_weight"": true, ""s_min"": 20, ""v_min"": 40}",euclidean,0.36666666666666664,0.4261111111111111
hsv,64-32-16,"{""hue_smoothing"": false, ""hue_valid_weight"": true, ""s_min"": 20, ""v_min"": 40}",l1,0.5,0.5705555555555556
hsv,64-32-16,"{""hue_smoothing"": false, ""hue_valid_weight"": true, ""s_min"": 20, ""v_min"": 40}",chi2,0.5,0.5494444444444445
hsv,64-32-16,"{""hue_smoothing"": false, ""hue_valid_weight"": true, ""s_min"": 20, ""v_min"": 40}",intersection,0.4666666666666667,0.5605555555555557
hsv,64-32-16,"{""hue_smoothing"": false, ""hue_valid_weight"": true, ""s_min"": 20, ""v_min"": 40}",hellinger,0.36666666666666664,0.46222222222222226
hsv,64-32-16,"{""hue_smoothing"": false, ""hue_valid_weight"": true, ""s_min"": 20, ""v_min"": 40}",wasserstein,0.4,0.505
hsv,64-32-16,"{""hue_smoothing"": true, ""hue_valid_weight"": true, ""s_min"": 20, ""v_min"": 40}",euclidean,0.36666666666666664,0.4083333333333333
hsv,64-32-16,"{""hue_smoothing"": true, ""hue_valid_weight"": true, ""s_min"": 20, ""v_min"": 40}",l1,0.5,0.5911111111111111
hsv,64-32-16,"{""hue_smoothing"": true, ""hue_valid_weight"": true, ""s_min"": 20, ""v_min"": 40}",chi2,0.5,0.5650000000000001
hsv,64-32-16,"{""hue_smoothing"": true, ""hue_valid_weight"": true, ""s_min"": 20, ""v_min"": 40}",intersection,0.5,0.595
hsv,64-32-16,"{""hue_smoothing"": true, ""hue_valid_weight"": true, ""s_min"": 20, ""v_min"": 40}",hellinger,0.3,0.44000000000000006
hsv,64-32-16,"{""hue_smoothing"": true, ""hue_valid_weight"": true, ""s_min"": 20, ""v_min"": 40}",wasserstein,0.4,0.5188888888888888
hsv,64-32-16,"{""hue_smoothing"": false, ""hue_valid_weight"": false, ""s_min"": 20, ""v_min"": 60}",euclidean,0.3333333333333333,0.40944444444444444
hsv,64-32-16,"{""hue_smoothing"": false, ""hue_valid_weight"": false, ""s_min"": 20, ""v_min"": 60}",l1,0.5,0.5611111111111111
hsv,64-32-16,"{""hue_smoothing"": false, ""hue_valid_weight"": false, ""s_min"": 20, ""v_min"": 60}",chi2,0.5,0.5594444444444444
hsv,64-32-16,"{""hue_smoothing"": false, ""hue_valid_weight"": false, ""s_min"": 20, ""v_min"": 60}",intersection,0.5,0.5611111111111111
hsv,64-32-16,"{""hue_smoothing"": false, ""hue_valid_weight"": false, ""s_min"": 20, ""v_min"": 60}",hellinger,0.43333333333333335,0.5038888888888889
hsv,64-32-16,"{""hue_smoothing"": false, ""hue_valid_weight"": false, ""s_min"": 20, ""v_min"": 60}",wasserstein,0.43333333333333335,0.5077777777777778
hsv,64-32-16,"{""hue_smoothing"": true, ""hue_valid_weight"": false, ""s_min"": 20, ""v_min"": 60}",euclidean,0.36666666666666664,0.415
hsv,64-32-16,"{""hue_smoothing"": true, ""hue_valid_weight"": false, ""s_min"": 20, ""v_min"": 60}",l1,0.43333333333333335,0.5372222222222223
hsv,64-32-16,"{""hue_smoothing"": true, ""hue_valid_weight"": false, ""s_min"": 20, ""v_min"": 60}",chi2,0.4666666666666667,0.5344444444444444
hsv,64-32-16,"{""hue_smoothing"": true, ""hue_valid_weight"": false, ""s_min"": 20, ""v_min"": 60}",intersection,0.43333333333333335,0.5372222222222223
hsv,64-32-16,"{""hue_smoothing"": true, ""hue_valid_weight"": false, ""s_min"": 20, ""v_min"": 60}",hellinger,0.4,0.5216666666666667
hsv,64-32-16,"{""hue_smoothing"": true, ""hue_valid_weight"": false, ""s_min"": 20, ""v_min"": 60}",wasserstein,0.43333333333333335,0.5077777777777778
hsv,64-32-16,"{""hue_smoothing"": false, ""hue_valid_weight"": true, ""s_min"": 20, ""v_min"": 60}",euclidean,0.36666666666666664,0.4261111111111111
hsv,64-32-16,"{""hue_smoothing"": false, ""hue_valid_weight"": true, ""s_min"": 20, ""v_min"": 60}",l1,0.5333333333333333,0.5872222222222222
hsv,64-32-16,"{""hue_smoothing"": false, ""hue_valid_weight"": true, ""s_min"": 20, ""v_min"": 60}",chi2,0.5,0.5494444444444445
hsv,64-32-16,"{""hue_smoothing"": false, ""hue_valid_weight"": true, ""s_min"": 20, ""v_min"": 60}",intersection,0.5,0.5772222222222223
hsv,64-32-16,"{""hue_smoothing"": false, ""hue_valid_weight"": true, ""s_min"": 20, ""v_min"": 60}",hellinger,0.43333333333333335,0.4811111111111111
hsv,64-32-16,"{""hue_smoothing"": false, ""hue_valid_weight"": true, ""s_min"": 20, ""v_min"": 60}",wasserstein,0.43333333333333335,0.5077777777777778
hsv,64-32-16,"{""hue_smoothing"": true, ""hue_valid_weight"": true, ""s_min"": 20, ""v_min"": 60}",euclidean,0.36666666666666664,0.4083333333333333
hsv,64-32-16,"{""hue_smoothing"": true, ""hue_valid_weight"": true, ""s_min"": 20, ""v_min"": 60}",l1,0.5333333333333333,0.5983333333333333
hsv,64-32-16,"{""hue_smoothing"": true, ""hue_valid_weight"": true, ""s_min"": 20, ""v_min"": 60}",chi2,0.4666666666666667,0.5427777777777777
hsv,64-32-16,"{""hue_smoothing"": true, ""hue_valid_weight"": true, ""s_min"": 20, ""v_min"": 60}",intersection,0.5,0.5905555555555555
hsv,64-32-16,"{""hue_smoothing"": true, ""hue_valid_weight"": true, ""s_min"": 20, ""v_min"": 60}",hellinger,0.36666666666666664,0.4527777777777778
hsv,64-32-16,"{""hue_smoothing"": true, ""hue_valid_weight"": true, ""s_min"": 20, ""v_min"": 60}",wasserstein,0.43333333333333335,0.5077777777777778
hsv,64-32-16,"{""hue_smoothing"": false, ""hue_valid_weight"": false, ""s_min"": 40, ""v_min"": 20}",euclidean,0.43333333333333335,0.46499999999999997
hsv,64-32-16,"{""hue_smoothing"": false, ""hue_valid_weight"": false, ""s_min"": 40, ""v_min"": 20}",l1,0.43333333333333335,0.5222222222222223
hsv,64-32-16,"{""hue_smoothing"": false, ""hue_valid_weight"": false, ""s_min"": 40, ""v_min"": 20}",chi2,0.5,0.5361111111111112
hsv,64-32-16,"{""hue_smoothing"": false, ""hue_valid_weight"": false, ""s_min"": 40, ""v_min"": 20}",intersection,0.43333333333333335,0.5222222222222223
hsv,64-32-16,"{""hue_smoothing"": false, ""hue_valid_weight"": false, ""s_min"": 40, ""v_min"": 20}",hellinger,0.4666666666666667,0.518888888888889
hsv,64-32-16,"{""hue_smoothing"": false, ""hue_valid_weight"": false, ""s_min"": 40, ""v_min"": 20}",wasserstein,0.36666666666666664,0.47722222222222227
hsv,64-32-16,"{""hue_smoothing"": true, ""hue_valid_weight"": false, ""s_min"": 40, ""v_min"": 20}",euclidean,0.43333333333333335,0.44166666666666665
hsv,64-32-16,"{""hue_smoothing"": true, ""hue_valid_weight"": false, ""s_min"": 40, ""v_min"": 20}",l1,0.5,0.5872222222222222
hsv,64-32-16,"{""hue_smoothing"": true, ""hue_valid_weight"": false, ""s_min"": 40, ""v_min"": 20}",chi2,0.4666666666666667,0.5505555555555556
hsv,64-32-16,"{""hue_smoothing"": true, ""hue_valid_weight"": false, ""s_min"": 40, ""v_min"": 20}",intersection,0.5,0.5872222222222222
hsv,64-32-16,"{""hue_smoothing"": true, ""hue_valid_weight"": false, ""s_min"": 40, ""v_min"": 20}",hellinger,0.4666666666666667,0.543888888888889
hsv,64-32-16,"{""hue_smoothing"": true, ""hue_valid_weight"": false, ""s_min"": 40, ""v_min"": 20}",wasserstein,0.36666666666666664,0.4838888888888889
hsv,64-32-16,"{""hue_smoothing"": false, ""hue_valid_weight"": true, ""s_min"": 40, ""v_min"": 20}",euclidean,0.36666666666666664,0.42777777777777776
hsv,64-32-16,"{""hue_smoothing"": false, ""hue_valid_weight"": true, ""s_min"": 40, ""v_min"": 20}",l1,0.5,0.5472222222222222
hsv,64-32-16,"{""hue_smoothing"": false, ""hue_valid_weight"": true, ""s_min"": 40, ""v_min"": 20}",chi2,0.43333333333333335,0.4955555555555556
hsv,64-32-16,"{""hue_smoothing"": false, ""hue_valid_weight"": true, ""s_min"": 40, ""v_min"": 20}",intersection,0.4666666666666667,0.5372222222222223
hsv,64-32-16,"{""hue_smoothing"": false, ""hue_valid_weight"": true, ""s_min"": 40, ""v_min"": 20}",hellinger,0.4,0.4427777777777778
hsv,64-32-16,"{""hue_smoothing"": false, ""hue_valid_weight"": true, ""s_min"": 40, ""v_min"": 20}",wasserstein,0.36666666666666664,0.47722222222222227
hsv,64-32-16,"{""hue_smoothing"": true, ""hue_valid_weight"": true, ""s_min"": 40, ""v_min"": 20}",euclidean,0.36666666666666664,0.4083333333333333
hsv,64-32-16,"{""hue_smoothing"": true, ""hue_valid_weight"": true, ""s_min"": 40, ""v_min"": 20}",l1,0.5,0.5794444444444444
hsv,64-32-16,"{""hue_smoothing"": true, ""hue_valid_weight"": true, ""s_min"": 40, ""v_min"": 20}",chi2,0.43333333333333335,0.5205555555555557
hsv,64-32-16,"{""hue_smoothing"": true, ""hue_valid_weight"": true, ""s_min"": 40, ""v_min"": 20}",intersection,0.5,0.5638888888888888
hsv,64-32-16,"{""hue_smoothing"": true, ""hue_valid_weight"": true, ""s_min"": 40, ""v_min"": 20}",hellinger,0.4,0.4511111111111112
hsv,64-32-16,"{""hue_smoothing"": true, ""hue_valid_weight"": true, ""s_min"": 40, ""v_min"": 20}",wasserstein,0.36666666666666664,0.4838888888888889
hsv,64-32-16,"{""hue_smoothing"": false, ""hue_valid_weight"": false, ""s_min"": 40, ""v_min"": 40}",euclidean,0.36666666666666664,0.4355555555555556
hsv,64-32-16,"{""hue_smoothing"": false, ""hue_valid_weight"": false, ""s_min"": 40, ""v_min"": 40}",l1,0.5,0.5705555555555556
hsv,64-32-16,"{""hue_smoothing"": false, ""hue_valid_weight"": false, ""s_min"": 40, ""v_min"": 40}",chi2,0.5,0.5466666666666666
hsv,64-32-16,"{""hue_smoothing"": false, ""hue_valid_weight"": false, ""s_min"": 40, ""v_min"": 40}",intersection,0.5,0.5705555555555556
hsv,64-32-16,"{""hue_smoothing"": false, ""hue_valid_weight"": false, ""s_min"": 40, ""v_min"": 40}",hellinger,0.4666666666666667,0.5277777777777778
hsv,64-32-16,"{""hue_smoothing"": false, ""hue_valid_weight"": false, ""s_min"": 40, ""v_min"": 40}",wasserstein,0.36666666666666664,0.4744444444444445
hsv,64-32-16,"{""hue_smoothing"": true, ""hue_valid_weight"": false, ""s_min"": 40, ""v_min"": 40}",euclidean,0.43333333333333335,0.45
hsv,64-32-16,"{""hue_smoothing"": true, ""hue_valid_weight"": false, ""s_min"": 40, ""v_min"": 40}",l1,0.4666666666666667,0.5733333333333335
hsv,64-32-16,"{""hue_smoothing"": true, ""hue_valid_weight"": false, ""s_min"": 40, ""v_min"": 40}",chi2,0.5,0.5577777777777778
hsv,64-32-16,"{""hue_smoothing"": true, ""hue_valid_weight"": false, ""s_min"": 40, ""v_min"": 40}",intersection,0.4666666666666667,0.5733333333333335
hsv,64-32-16,"{""hue_smoothing"": true, ""hue_valid_weight"": false, ""s_min"": 40, ""v_min"": 40}",hellinger,0.4666666666666667,0.551111111111111
hsv,64-32-16,"{""hue_smoothing"": true, ""hue_valid_weight"": false, ""s_min"": 40, ""v_min"": 40}",wasserstein,0.36666666666666664,0.47555555555555556
hsv,64-32-16,"{""hue_smoothing"": false, ""hue_valid_weight"": true, ""s_min"": 40, ""v_min"": 40}",euclidean,0.4,0.45111111111111113
hsv,64-32-16,"{""hue_smoothing"": false, ""hue_valid_weight"": true, ""s_min"": 40, ""v_min"": 40}",l1,0.5,0.5605555555555556
hsv,64-32-16,"{""hue_smoothing"": false, ""hue_valid_weight"": true, ""s_min"": 40, ""v_min"": 40}",chi2,0.43333333333333335,0.5066666666666666
hsv,64-32-16,"{""hue_smoothing"": false, ""hue_valid_weight"": true, ""s_min"": 40, ""v_min"": 40}",intersection,0.5,0.5622222222222223
hsv,64-32-16,"{""hue_smoothing"": false, ""hue_valid_weight"": true, ""s_min"": 40, ""v_min"": 40}",hellinger,0.36666666666666664,0.43
hsv,64-32-16,"{""hue_smoothing"": false, ""hue_valid_weight"": true, ""s_min"": 40, ""v_min"": 40}",wasserstein,0.36666666666666664,0.4744444444444445
hsv,64-32-16,"{""hue_smoothing"": true, ""hue_valid_weight"": true, ""s_min"": 40, ""v_min"": 40}",euclidean,0.36666666666666664,0.4083333333333333
hsv,64-32-16,"{""hue_smoothing"": true, ""hue_valid_weight"": true, ""s_min"": 40, ""v_min"": 40}",l1,0.5,0.5866666666666667
hsv,64-32-16,"{""hue_smoothing"": true, ""hue_valid_weight"": true, ""s_min"": 40, ""v_min"": 40}",chi2,0.43333333333333335,0.5138888888888888
hsv,64-32-16,"{""hue_smoothing"": true, ""hue_valid_weight"": true, ""s_min"": 40, ""v_min"": 40}",intersection,0.4666666666666667,0.538888888888889
hsv,64-32-16,"{""hue_smoothing"": true, ""hue_valid_weight"": true, ""s_min"": 40, ""v_min"": 40}",hellinger,0.3333333333333333,0.40944444444444444
hsv,64-32-16,"{""hue_smoothing"": true, ""hue_valid_weight"": true, ""s_min"": 40, ""v_min"": 40}",wasserstein,0.36666666666666664,0.47555555555555556
hsv,64-32-16,"{""hue_smoothing"": false, ""hue_valid_weight"": false, ""s_min"": 40, ""v_min"": 60}",euclidean,0.36666666666666664,0.43611111111111106
hsv,64-32-16,"{""hue_smoothing"": false, ""hue_valid_weight"": false, ""s_min"": 40, ""v_min"": 60}",l1,0.5,0.5455555555555556
hsv,64-32-16,"{""hue_smoothing"": false, ""hue_valid_weight"": false, ""s_min"": 40, ""v_min"": 60}",chi2,0.4666666666666667,0.5261111111111111
hsv,64-32-16,"{""hue_smoothing"": false, ""hue_valid_weight"": false, ""s_min"": 40, ""v_min"": 60}",intersection,0.5,0.5455555555555556
hsv,64-32-16,"{""hue_smoothing"": false, ""hue_valid_weight"": false, ""s_min"": 40, ""v_min"": 60}",hellinger,0.43333333333333335,0.48888888888888893
hsv,64-32-16,"{""hue_smoothing"": false, ""hue_valid_weight"": false, ""s_min"": 40, ""v_min"": 60}",wasserstein,0.36666666666666664,0.46944444444444444
hsv,64-32-16,"{""hue_smoothing"": true, ""hue_valid_weight"": false, ""s_min"": 40, ""v_min"": 60}",euclidean,0.4,0.43611111111111106
hsv,64-32-16,"{""hue_smoothing"": true, ""hue_valid_weight"": false, ""s_min"": 40, ""v_min"": 60}",l1,0.4666666666666667,0.5611111111111112
hsv,64-32-16,"{""hue_smoothing"": true, ""hue_valid_weight"": false, ""s_min"": 40, ""v_min"": 60}",chi2,0.5,0.525
hsv,64-32-16,"{""hue_smoothing"": true, ""hue_valid_weight"": false, ""s_min"": 40, ""v_min"": 60}",intersection,0.4666666666666667,0.5611111111111112
hsv,64-32-16,"{""hue_smoothing"": true, ""hue_valid_weight"": false, ""s_min"": 40, ""v_min"": 60}",hellinger,0.43333333333333335,0.5127777777777778
hsv,64-32-16,"{""hue_smoothing"": true, ""hue_valid_weight"": false, ""s_min"": 40, ""v_min"": 60}",wasserstein,0.36666666666666664,0.4761111111111111
hsv,64-32-16,"{""hue_smoothing"": false, ""hue_valid_weight"": true, ""s_min"": 40, ""v_min"": 60}",euclidean,0.36666666666666664,0.42888888888888893
hsv,64-32-16,"{""hue_smoothing"": false, ""hue_valid_weight"": true, ""s_min"": 40, ""v_min"": 60}",l1,0.5,0.565
hsv,64-32-16,"{""hue_smoothing"": false, ""hue_valid_weight"": true, ""s_min"": 40, ""v_min"": 60}",chi2,0.4666666666666667,0.53
hsv,64-32-16,"{""hue_smoothing"": false, ""hue_valid_weight"": true, ""s_min"": 40, ""v_min"": 60}",intersection,0.43333333333333335,0.5283333333333333
hsv,64-32-16,"{""hue_smoothing"": false, ""hue_valid_weight"": true, ""s_min"": 40, ""v_min"": 60}",hellinger,0.3333333333333333,0.39555555555555555
hsv,64-32-16,"{""hue_smoothing"": false, ""hue_valid_weight"": true, ""s_min"": 40, ""v_min"": 60}",wasserstein,0.36666666666666664,0.46944444444444444
hsv,64-32-16,"{""hue_smoothing"": true, ""hue_valid_weight"": true, ""s_min"": 40, ""v_min"": 60}",euclidean,0.3333333333333333,0.38611111111111107
hsv,64-32-16,"{""hue_smoothing"": true, ""hue_valid_weight"": true, ""s_min"": 40, ""v_min"": 60}",l1,0.5,0.5911111111111111
hsv,64-32-16,"{""hue_smoothing"": true, ""hue_valid_weight"": true, ""s_min"": 40, ""v_min"": 60}",chi2,0.4666666666666667,0.5333333333333333
hsv,64-32-16,"{""hue_smoothing"": true, ""hue_valid_weight"": true, ""s_min"": 40, ""v_min"": 60}",intersection,0.43333333333333335,0.5233333333333333
hsv,64-32-16,"{""hue_smoothing"": true, ""hue_valid_weight"": true, ""s_min"": 40, ""v_min"": 60}",hellinger,0.3333333333333333,0.3983333333333333
hsv,64-32-16,"{""hue_smoothing"": true, ""hue_valid_weight"": true, ""s_min"": 40, ""v_min"": 60}",wasserstein,0.36666666666666664,0.4761111111111111
hsv,64-32-16,"{""hue_smoothing"": false, ""hue_valid_weight"": false, ""s_min"": 60, ""v_min"": 20}",euclidean,0.3333333333333333,0.43
hsv,64-32-16,"{""hue_smoothing"": false, ""hue_valid_weight"": false, ""s_min"": 60, ""v_min"": 20}",l1,0.5333333333333333,0.565
hsv,64-32-16,"{""hue_smoothing"": false, ""hue_valid_weight"": false, ""s_min"": 60, ""v_min"": 20}",chi2,0.5333333333333333,0.5555555555555556
hsv,64-32-16,"{""hue_smoothing"": false, ""hue_valid_weight"": false, ""s_min"": 60, ""v_min"": 20}",intersection,0.5333333333333333,0.565
hsv,64-32-16,"{""hue_smoothing"": false, ""hue_valid_weight"": false, ""s_min"": 60, ""v_min"": 20}",hellinger,0.5333333333333333,0.5622222222222223
hsv,64-32-16,"{""hue_smoothing"": false, ""hue_valid_weight"": false, ""s_min"": 60, ""v_min"": 20}",wasserstein,0.4,0.4827777777777778
hsv,64-32-16,"{""hue_smoothing"": true, ""hue_valid_weight"": false, ""s_min"": 60, ""v_min"": 20}",euclidean,0.36666666666666664,0.41944444444444445
hsv,64-32-16,"{""hue_smoothing"": true, ""hue_valid_weight"": false, ""s_min"": 60, ""v_min"": 20}",l1,0.5333333333333333,0.5900000000000001
hsv,64-32-16,"{""hue_smoothing"": true, ""hue_valid_weight"": false, ""s_min"": 60, ""v_min"": 20}",chi2,0.5,0.5538888888888889
hsv,64-32-16,"{""hue_smoothing"": true, ""hue_valid_weight"": false, ""s_min"": 60, ""v_min"": 20}",intersection,0.5333333333333333,0.5900000000000001
hsv,64-32-16,"{""hue_smoothing"": true, ""hue_valid_weight"": false, ""s_min"": 60, ""v_min"": 20}",hellinger,0.4666666666666667,0.5549999999999999
hsv,64-32-16,"{""hue_smoothing"": true, ""hue_valid_weight"": false, ""s_min"": 60, ""v_min"": 20}",wasserstein,0.4,0.4827777777777778
hsv,64-32-16,"{""hue_smoothing"": false, ""hue_valid_weight"": true, ""s_min"": 60, ""v_min"": 20}",euclidean,0.36666666666666664,0.4244444444444444
hsv,64-32-16,"{""hue_smoothing"": false, ""hue_valid_weight"": true, ""s_min"": 60, ""v_min"": 20}",l1,0.5,0.5494444444444445
hsv,64-32-16,"{""hue_smoothing"": false, ""hue_valid_weight"": true, ""s_min"": 60, ""v_min"": 20}",chi2,0.5,0.5472222222222223
hsv,64-32-16,"{""hue_smoothing"": false, ""hue_valid_weight"": true, ""s_min"": 60, ""v_min"": 20}",intersection,0.5,0.55
hsv,64-32-16,"{""hue_smoothing"": false, ""hue_valid_weight"": true, ""s_min"": 60, ""v_min"": 20}",hellinger,0.4,0.4438888888888889
hsv,64-32-16,"{""hue_smoothing"": false, ""hue_valid_weight"": true, ""s_min"": 60, ""v_min"": 20}",wasserstein,0.4,0.4827777777777778
hsv,64-32-16,"{""hue_smoothing"": true, ""hue_valid_weight"": true, ""s_min"": 60, ""v_min"": 20}",euclidean,0.36666666666666664,0.3983333333333333
hsv,64-32-16,"{""hue_smoothing"": true, ""hue_valid_weight"": true, ""s_min"": 60, ""v_min"": 20}",l1,0.5,0.5744444444444444
hsv,64-32-16,"{""hue_smoothing"": true, ""hue_valid_weight"": true, ""s_min"": 60, ""v_min"": 20}",chi2,0.4666666666666667,0.5527777777777778
hsv,64-32-16,"{""hue_smoothing"": true, ""hue_valid_weight"": true, ""s_min"": 60, ""v_min"": 20}",intersection,0.5333333333333333,0.5855555555555555
hsv,64-32-16,"{""hue_smoothing"": true, ""hue_valid_weight"": true, ""s_min"": 60, ""v_min"": 20}",hellinger,0.3,0.3922222222222222
hsv,64-32-16,"{""hue_smoothing"": true, ""hue_valid_weight"": true, ""s_min"": 60, ""v_min"": 20}",wasserstein,0.4,0.4827777777777778
hsv,64-32-16,"{""hue_smoothing"": false, ""hue_valid_weight"": false, ""s_min"": 60, ""v_min"": 40}",euclidean,0.36666666666666664,0.45
hsv,64-32-16,"{""hue_smoothing"": false, ""hue_valid_weight"": false, ""s_min"": 60, ""v_min"": 40}",l1,0.5333333333333333,0.5844444444444444
hsv,64-32-16,"{""hue_smoothing"": false, ""hue_valid_weight"": false, ""s_min"": 60, ""v_min"": 40}",chi2,0.5666666666666667,0.5844444444444444
hsv,64-32-16,"{""hue_smoothing"": false, ""hue_valid_weight"": false, ""s_min"": 60, ""v_min"": 40}",intersection,0.5333333333333333,0.5844444444444444
hsv,64-32-16,"{""hue_smoothing"": false, ""hue_valid_weight"": false, ""s_min"": 60, ""v_min"": 40}",hellinger,0.5666666666666667,0.5972222222222222
hsv,64-32-16,"{""hue_smoothing"": false, ""hue_valid_weight"": false, ""s_min"": 60, ""v_min"": 40}",wasserstein,0.43333333333333335,0.5216666666666667
hsv,64-32-16,"{""hue_smoothing"": true, ""hue_valid_weight"": false, ""s_min"": 60, ""v_min"": 40}",euclidean,0.4,0.4444444444444445
hsv,64-32-16,"{""hue_smoothing"": true, ""hue_valid_weight"": false, ""s_min"": 60, ""v_min"": 40}",l1,0.5333333333333333,0.5811111111111111
hsv,64-32-16,"{""hue_smoothing"": true, ""hue_valid_weight"": false, ""s_min"": 60, ""v_min"": 40}",chi2,0.5333333333333333,0.5772222222222223
hsv,64-32-16,"{""hue_smoothing"": true, ""hue_valid_weight"": false, ""s_min"": 60, ""v_min"": 40}",intersection,0.5333333333333333,0.5811111111111111
hsv,64-32-16,"{""hue_smoothing"": true, ""hue_valid_weight"": false, ""s_min"": 60, ""v_min"": 40}",hellinger,0.5,0.5927777777777778
hsv,64-32-16,"{""hue_smoothing"": true, ""hue_valid_weight"": false, ""s_min"": 60, ""v_min"": 40}",wasserstein,0.43333333333333335,0.5188888888888888
hsv,64-32-16,"{""hue_smoothing"": false, ""hue_valid_weight"": true, ""s_min"": 60, ""v_min"": 40}",euclidean,0.36666666666666664,0.4311111111111111
hsv,64-32-16,"{""hue_smoothing"": false, ""hue_valid_weight"": true, ""s_min"": 60, ""v_min"": 40}",l1,0.5,0.5705555555555556
hsv,64-32-16,"{""hue_smoothing"": false, ""hue_valid_weight"": true, ""s_min"": 60, ""v_min"": 40}",chi2,0.4666666666666667,0.5372222222222223
hsv,64-32-16,"{""hue_smoothing"": false, ""hue_valid_weight"": true, ""s_min"": 60, ""v_min"": 40}",intersection,0.5333333333333333,0.5705555555555556
hsv,64-32-16,"{""hue_smoothing"": false, ""hue_valid_weight"": true, ""s_min"": 60, ""v_min"": 40}",hellinger,0.4,0.455
hsv,64-32-16,"{""hue_smoothing"": false, ""hue_valid_weight"": true, ""s_min"": 60, ""v_min"": 40}",wasserstein,0.43333333333333335,0.5216666666666667
hsv,64-32-16,"{""hue_smoothing"": true, ""hue_valid_weight"": true, ""s_min"": 60, ""v_min"": 40}",euclidean,0.3333333333333333,0.3950000000000001
hsv,64-32-16,"{""hue_smoothing"": true, ""hue_valid_weight"": true, ""s_min"": 60, ""v_min"": 40}",l1,0.5,0.5855555555555557
hsv,64-32-16,"{""hue_smoothing"": true, ""hue_valid_weight"": true, ""s_min"": 60, ""v_min"": 40}",chi2,0.5,0.5816666666666667
hsv,64-32-16,"{""hue_smoothing"": true, ""hue_valid_weight"": true, ""s_min"": 60, ""v_min"": 40}",intersection,0.5333333333333333,0.5883333333333333
hsv,64-32-16,"{""hue_smoothing"": true, ""hue_valid_weight"": true, ""s_min"": 60, ""v_min"": 40}",hellinger,0.36666666666666664,0.4466666666666666
hsv,64-32-16,"{""hue_smoothing"": true, ""hue_valid_weight"": true, ""s_min"": 60, ""v_min"": 40}",wasserstein,0.43333333333333335,0.5188888888888888
hsv,64-32-16,"{""hue_smoothing"": false, ""hue_valid_weight"": false, ""s_min"": 60, ""v_min"": 60}",euclidean,0.3333333333333333,0.4372222222222222
hsv,64-32-16,"{""hue_smoothing"": false, ""hue_valid_weight"": false, ""s_min"": 60, ""v_min"": 60}",l1,0.5333333333333333,0.5827777777777778
hsv,64-32-16,"{""hue_smoothing"": false, ""hue_valid_weight"": false, ""s_min"": 60, ""v_min"": 60}",chi2,0.5333333333333333,0.5816666666666667
hsv,64-32-16,"{""hue_smoothing"": false, ""hue_valid_weight"": false, ""s_min"": 60, ""v_min"": 60}",intersection,0.5333333333333333,0.5827777777777778
hsv,64-32-16,"{""hue_smoothing"": false, ""hue_valid_weight"": false, ""s_min"": 60, ""v_min"": 60}",hellinger,0.4666666666666667,0.5444444444444445
hsv,64-32-16,"{""hue_smoothing"": false, ""hue_valid_weight"": false, ""s_min"": 60, ""v_min"": 60}",wasserstein,0.43333333333333335,0.5444444444444445
hsv,64-32-16,"{""hue_smoothing"": true, ""hue_valid_weight"": false, ""s_min"": 60, ""v_min"": 60}",euclidean,0.4,0.4527777777777778
hsv,64-32-16,"{""hue_smoothing"": true, ""hue_valid_weight"": false, ""s_min"": 60, ""v_min"": 60}",l1,0.5666666666666667,0.601111111111111
hsv,64-32-16,"{""hue_smoothing"": true, ""hue_valid_weight"": false, ""s_min"": 60, ""v_min"": 60}",chi2,0.5333333333333333,0.5705555555555556
hsv,64-32-16,"{""hue_smoothing"": true, ""hue_valid_weight"": false, ""s_min"": 60, ""v_min"": 60}",intersection,0.5666666666666667,0.601111111111111
hsv,64-32-16,"{""hue_smoothing"": true, ""hue_valid_weight"": false, ""s_min"": 60, ""v_min"": 60}",hellinger,0.4666666666666667,0.5555555555555555
hsv,64-32-16,"{""hue_smoothing"": true, ""hue_valid_weight"": false, ""s_min"": 60, ""v_min"": 60}",wasserstein,0.43333333333333335,0.538888888888889
hsv,64-32-16,"{""hue_smoothing"": false, ""hue_valid_weight"": true, ""s_min"": 60, ""v_min"": 60}",euclidean,0.3333333333333333,0.4161111111111111
hsv,64-32-16,"{""hue_smoothing"": false, ""hue_valid_weight"": true, ""s_min"": 60, ""v_min"": 60}",l1,0.5,0.5633333333333332
hsv,64-32-16,"{""hue_smoothing"": false, ""hue_valid_weight"": true, ""s_min"": 60, ""v_min"": 60}",chi2,0.4666666666666667,0.5399999999999999
hsv,64-32-16,"{""hue_smoothing"": false, ""hue_valid_weight"": true, ""s_min"": 60, ""v_min"": 60}",intersection,0.5,0.5427777777777777
hsv,64-32-16,"{""hue_smoothing"": false, ""hue_valid_weight"": true, ""s_min"": 60, ""v_min"": 60}",hellinger,0.3,0.39555555555555555
hsv,64-32-16,"{""hue_smoothing"": false, ""hue_valid_weight"": true, ""s_min"": 60, ""v_min"": 60}",wasserstein,0.43333333333333335,0.5444444444444445
hsv,64-32-16,"{""hue_smoothing"": true, ""hue_valid_weight"": true, ""s_min"": 60, ""v_min"": 60}",euclidean,0.3,0.3733333333333333
hsv,64-32-16,"{""hue_smoothing"": true, ""hue_valid_weight"": true, ""s_min"": 60, ""v_min"": 60}",l1,0.5,0.5872222222222222
hsv,64-32-16,"{""hue_smoothing"": true, ""hue_valid_weight"": true, ""s_min"": 60, ""v_min"": 60}",chi2,0.5,0.5911111111111111
hsv,64-32-16,"{""hue_smoothing"": true, ""hue_valid_weight"": true, ""s_min"": 60, ""v_min"": 60}",intersection,0.43333333333333335,0.5394444444444445
hsv,64-32-16,"{""hue_smoothing"": true, ""hue_valid_weight"": true, ""s_min"": 60, ""v_min"": 60}",hellinger,0.3,0.3733333333333333
hsv,64-32-16,"{""hue_smoothing"": true, ""hue_valid_weight"": true, ""s_min"": 60, ""v_min"": 60}",wasserstein,0.43333333333333335,0.538888888888889
